[2024-06-03 15:43:22,211] {manager.py:480} INFO - Processing files using up to 2 processes at a time 
[2024-06-03 15:43:22,212] {manager.py:481} INFO - Process each file at most once every 30 seconds
[2024-06-03 15:43:22,212] {manager.py:483} INFO - Checking for new files in /opt/airflow/dags every 300 seconds
[2024-06-03 15:43:22,213] {manager.py:690} INFO - Searching for files in /opt/airflow/dags
[2024-06-03 15:43:22,217] {manager.py:693} INFO - There are 0 files in /opt/airflow/dags
[2024-06-04 04:22:52,810] {manager.py:690} INFO - Searching for files in /opt/airflow/dags
[2024-06-04 04:22:55,967] {manager.py:693} INFO - There are 0 files in /opt/airflow/dags
[2024-06-04 04:27:53,583] {manager.py:690} INFO - Searching for files in /opt/airflow/dags
[2024-06-04 04:27:53,588] {manager.py:693} INFO - There are 0 files in /opt/airflow/dags
[2024-06-04 04:32:54,389] {manager.py:690} INFO - Searching for files in /opt/airflow/dags
[2024-06-04 04:32:54,401] {manager.py:693} INFO - There are 0 files in /opt/airflow/dags
[2024-06-04 04:37:55,178] {manager.py:690} INFO - Searching for files in /opt/airflow/dags
[2024-06-04 04:37:55,189] {manager.py:693} INFO - There are 0 files in /opt/airflow/dags
[2024-06-04 04:42:56,010] {manager.py:690} INFO - Searching for files in /opt/airflow/dags
[2024-06-04 04:42:56,022] {manager.py:693} INFO - There are 0 files in /opt/airflow/dags
[2024-06-04 04:47:56,805] {manager.py:690} INFO - Searching for files in /opt/airflow/dags
[2024-06-04 04:47:56,813] {manager.py:693} INFO - There are 0 files in /opt/airflow/dags
[2024-06-04 04:52:57,610] {manager.py:690} INFO - Searching for files in /opt/airflow/dags
[2024-06-04 04:52:57,619] {manager.py:693} INFO - There are 0 files in /opt/airflow/dags
[2024-06-04 04:57:58,458] {manager.py:690} INFO - Searching for files in /opt/airflow/dags
[2024-06-04 04:57:58,471] {manager.py:693} INFO - There are 0 files in /opt/airflow/dags
[2024-06-04 05:18:50,685] {manager.py:690} INFO - Searching for files in /opt/airflow/dags
[2024-06-04 05:18:51,585] {manager.py:693} INFO - There are 0 files in /opt/airflow/dags
[2024-06-04 05:23:51,371] {manager.py:690} INFO - Searching for files in /opt/airflow/dags
[2024-06-04 05:23:52,056] {manager.py:693} INFO - There are 0 files in /opt/airflow/dags
[2024-06-04 05:28:52,014] {manager.py:690} INFO - Searching for files in /opt/airflow/dags
[2024-06-04 05:28:52,021] {manager.py:693} INFO - There are 0 files in /opt/airflow/dags
[2024-06-04 05:33:52,756] {manager.py:690} INFO - Searching for files in /opt/airflow/dags
[2024-06-04 05:33:52,760] {manager.py:693} INFO - There are 0 files in /opt/airflow/dags
[2024-06-04 05:38:53,535] {manager.py:690} INFO - Searching for files in /opt/airflow/dags
[2024-06-04 05:38:53,542] {manager.py:693} INFO - There are 0 files in /opt/airflow/dags
[2024-06-04 05:43:54,319] {manager.py:690} INFO - Searching for files in /opt/airflow/dags
[2024-06-04 05:43:54,328] {manager.py:693} INFO - There are 0 files in /opt/airflow/dags
[2024-06-04 05:48:55,093] {manager.py:690} INFO - Searching for files in /opt/airflow/dags
[2024-06-04 05:48:55,098] {manager.py:693} INFO - There are 0 files in /opt/airflow/dags
[2024-06-04 05:53:55,979] {manager.py:690} INFO - Searching for files in /opt/airflow/dags
[2024-06-04 05:53:55,985] {manager.py:693} INFO - There are 0 files in /opt/airflow/dags
[2024-06-04 05:58:54,477] {manager.py:462} INFO - Exiting gracefully upon receiving signal 15
[2024-06-04 06:01:57,963] {manager.py:480} INFO - Processing files using up to 2 processes at a time 
[2024-06-04 06:01:57,964] {manager.py:481} INFO - Process each file at most once every 30 seconds
[2024-06-04 06:01:57,965] {manager.py:483} INFO - Checking for new files in /opt/airflow/dags every 300 seconds
[2024-06-04 06:01:57,966] {manager.py:690} INFO - Searching for files in /opt/airflow/dags
[2024-06-04 06:01:57,970] {manager.py:693} INFO - There are 0 files in /opt/airflow/dags
[2024-06-04 06:04:44,950] {manager.py:462} INFO - Exiting gracefully upon receiving signal 15
[2024-06-04 06:06:56,730] {manager.py:480} INFO - Processing files using up to 2 processes at a time 
[2024-06-04 06:06:56,731] {manager.py:481} INFO - Process each file at most once every 30 seconds
[2024-06-04 06:06:56,732] {manager.py:483} INFO - Checking for new files in /opt/airflow/dags every 300 seconds
[2024-06-04 06:06:56,732] {manager.py:690} INFO - Searching for files in /opt/airflow/dags
[2024-06-04 06:06:56,737] {manager.py:693} INFO - There are 0 files in /opt/airflow/dags
[2024-06-04 06:11:57,609] {manager.py:690} INFO - Searching for files in /opt/airflow/dags
[2024-06-04 06:11:57,613] {manager.py:693} INFO - There are 0 files in /opt/airflow/dags
[2024-06-04 06:12:09,056] {manager.py:462} INFO - Exiting gracefully upon receiving signal 15
[2024-06-04 06:14:39,166] {manager.py:480} INFO - Processing files using up to 2 processes at a time 
[2024-06-04 06:14:39,166] {manager.py:481} INFO - Process each file at most once every 30 seconds
[2024-06-04 06:14:39,167] {manager.py:483} INFO - Checking for new files in /opt/airflow/dags every 300 seconds
[2024-06-04 06:14:39,168] {manager.py:690} INFO - Searching for files in /opt/airflow/dags
[2024-06-04 06:14:39,175] {manager.py:693} INFO - There are 0 files in /opt/airflow/dags
[2024-06-04 06:14:59,663] {manager.py:462} INFO - Exiting gracefully upon receiving signal 15
[2024-06-04 06:19:38,418] {manager.py:480} INFO - Processing files using up to 2 processes at a time 
[2024-06-04 06:19:38,419] {manager.py:481} INFO - Process each file at most once every 30 seconds
[2024-06-04 06:19:38,420] {manager.py:483} INFO - Checking for new files in /opt/airflow/dags every 300 seconds
[2024-06-04 06:19:38,420] {manager.py:690} INFO - Searching for files in /opt/airflow/dags
[2024-06-04 06:19:38,425] {manager.py:693} INFO - There are 0 files in /opt/airflow/dags
[2024-06-04 06:20:39,332] {manager.py:462} INFO - Exiting gracefully upon receiving signal 15
[2024-06-04 06:24:28,958] {manager.py:480} INFO - Processing files using up to 2 processes at a time 
[2024-06-04 06:24:28,961] {manager.py:481} INFO - Process each file at most once every 30 seconds
[2024-06-04 06:24:28,963] {manager.py:483} INFO - Checking for new files in /opt/airflow/dags every 300 seconds
[2024-06-04 06:24:28,965] {manager.py:690} INFO - Searching for files in /opt/airflow/dags
[2024-06-04 06:24:28,993] {manager.py:693} INFO - There are 0 files in /opt/airflow/dags
[2024-06-04 06:29:29,932] {manager.py:690} INFO - Searching for files in /opt/airflow/dags
[2024-06-04 06:29:29,967] {manager.py:693} INFO - There are 0 files in /opt/airflow/dags
[2024-06-04 06:34:30,771] {manager.py:690} INFO - Searching for files in /opt/airflow/dags
[2024-06-04 06:34:30,777] {manager.py:693} INFO - There are 0 files in /opt/airflow/dags
[2024-06-04 06:39:31,527] {manager.py:690} INFO - Searching for files in /opt/airflow/dags
[2024-06-04 06:39:31,532] {manager.py:693} INFO - There are 0 files in /opt/airflow/dags
[2024-06-04 06:44:32,277] {manager.py:690} INFO - Searching for files in /opt/airflow/dags
[2024-06-04 06:44:32,286] {manager.py:693} INFO - There are 0 files in /opt/airflow/dags
[2024-06-04 06:49:33,050] {manager.py:690} INFO - Searching for files in /opt/airflow/dags
[2024-06-04 06:49:33,066] {manager.py:693} INFO - There are 0 files in /opt/airflow/dags
[2024-06-04 06:54:33,854] {manager.py:690} INFO - Searching for files in /opt/airflow/dags
[2024-06-04 06:54:33,860] {manager.py:693} INFO - There are 0 files in /opt/airflow/dags
[2024-06-04 06:59:34,634] {manager.py:690} INFO - Searching for files in /opt/airflow/dags
[2024-06-04 06:59:34,639] {manager.py:693} INFO - There are 0 files in /opt/airflow/dags
[2024-06-04 07:04:35,368] {manager.py:690} INFO - Searching for files in /opt/airflow/dags
[2024-06-04 07:04:35,373] {manager.py:693} INFO - There are 0 files in /opt/airflow/dags
[2024-06-04 07:09:36,108] {manager.py:690} INFO - Searching for files in /opt/airflow/dags
[2024-06-04 07:09:36,114] {manager.py:693} INFO - There are 0 files in /opt/airflow/dags
[2024-06-04 07:14:36,854] {manager.py:690} INFO - Searching for files in /opt/airflow/dags
[2024-06-04 07:14:36,860] {manager.py:693} INFO - There are 0 files in /opt/airflow/dags
[2024-06-04 07:19:37,615] {manager.py:690} INFO - Searching for files in /opt/airflow/dags
[2024-06-04 07:19:37,626] {manager.py:693} INFO - There are 0 files in /opt/airflow/dags
[2024-06-04 07:24:38,432] {manager.py:690} INFO - Searching for files in /opt/airflow/dags
[2024-06-04 07:24:38,441] {manager.py:693} INFO - There are 0 files in /opt/airflow/dags
[2024-06-04 07:29:39,223] {manager.py:690} INFO - Searching for files in /opt/airflow/dags
[2024-06-04 07:29:39,227] {manager.py:693} INFO - There are 0 files in /opt/airflow/dags
[2024-06-04 07:34:39,990] {manager.py:690} INFO - Searching for files in /opt/airflow/dags
[2024-06-04 07:34:39,994] {manager.py:693} INFO - There are 0 files in /opt/airflow/dags
[2024-06-04 07:39:40,752] {manager.py:690} INFO - Searching for files in /opt/airflow/dags
[2024-06-04 07:39:40,758] {manager.py:693} INFO - There are 0 files in /opt/airflow/dags
[2024-06-04 07:44:41,525] {manager.py:690} INFO - Searching for files in /opt/airflow/dags
[2024-06-04 07:44:41,530] {manager.py:693} INFO - There are 0 files in /opt/airflow/dags
[2024-06-04 07:49:42,261] {manager.py:690} INFO - Searching for files in /opt/airflow/dags
[2024-06-04 07:49:42,266] {manager.py:693} INFO - There are 0 files in /opt/airflow/dags
[2024-06-04 07:54:43,047] {manager.py:690} INFO - Searching for files in /opt/airflow/dags
[2024-06-04 07:54:43,052] {manager.py:693} INFO - There are 0 files in /opt/airflow/dags
[2024-06-04 07:59:43,874] {manager.py:690} INFO - Searching for files in /opt/airflow/dags
[2024-06-04 07:59:43,879] {manager.py:693} INFO - There are 0 files in /opt/airflow/dags
[2024-06-04 08:04:44,677] {manager.py:690} INFO - Searching for files in /opt/airflow/dags
[2024-06-04 08:04:44,767] {manager.py:693} INFO - There are 0 files in /opt/airflow/dags
[2024-06-04 08:09:45,547] {manager.py:690} INFO - Searching for files in /opt/airflow/dags
[2024-06-04 08:09:45,551] {manager.py:693} INFO - There are 0 files in /opt/airflow/dags
[2024-06-04 08:14:46,261] {manager.py:690} INFO - Searching for files in /opt/airflow/dags
[2024-06-04 08:14:46,266] {manager.py:693} INFO - There are 0 files in /opt/airflow/dags
[2024-06-04 08:19:47,018] {manager.py:690} INFO - Searching for files in /opt/airflow/dags
[2024-06-04 08:19:47,022] {manager.py:693} INFO - There are 0 files in /opt/airflow/dags
[2024-06-04 08:24:47,865] {manager.py:690} INFO - Searching for files in /opt/airflow/dags
[2024-06-04 08:24:47,871] {manager.py:693} INFO - There are 0 files in /opt/airflow/dags
[2024-06-04 08:29:48,631] {manager.py:690} INFO - Searching for files in /opt/airflow/dags
[2024-06-04 08:29:48,635] {manager.py:693} INFO - There are 0 files in /opt/airflow/dags
[2024-06-04 08:34:49,418] {manager.py:690} INFO - Searching for files in /opt/airflow/dags
[2024-06-04 08:34:49,422] {manager.py:693} INFO - There are 0 files in /opt/airflow/dags
[2024-06-04 08:39:50,250] {manager.py:690} INFO - Searching for files in /opt/airflow/dags
[2024-06-04 08:39:50,255] {manager.py:693} INFO - There are 0 files in /opt/airflow/dags
[2024-06-04 08:44:51,046] {manager.py:690} INFO - Searching for files in /opt/airflow/dags
[2024-06-04 08:44:51,050] {manager.py:693} INFO - There are 0 files in /opt/airflow/dags
[2024-06-04 08:49:51,778] {manager.py:690} INFO - Searching for files in /opt/airflow/dags
[2024-06-04 08:49:51,782] {manager.py:693} INFO - There are 0 files in /opt/airflow/dags
[2024-06-04 08:54:52,568] {manager.py:690} INFO - Searching for files in /opt/airflow/dags
[2024-06-04 08:54:52,573] {manager.py:693} INFO - There are 0 files in /opt/airflow/dags
[2024-06-04 08:59:53,358] {manager.py:690} INFO - Searching for files in /opt/airflow/dags
[2024-06-04 08:59:53,384] {manager.py:693} INFO - There are 0 files in /opt/airflow/dags
[2024-06-04 09:04:54,160] {manager.py:690} INFO - Searching for files in /opt/airflow/dags
[2024-06-04 09:04:54,166] {manager.py:693} INFO - There are 0 files in /opt/airflow/dags
[2024-06-04 09:09:54,907] {manager.py:690} INFO - Searching for files in /opt/airflow/dags
[2024-06-04 09:09:54,913] {manager.py:693} INFO - There are 0 files in /opt/airflow/dags
[2024-06-04 09:14:55,724] {manager.py:690} INFO - Searching for files in /opt/airflow/dags
[2024-06-04 09:14:55,732] {manager.py:693} INFO - There are 0 files in /opt/airflow/dags
[2024-06-04 09:19:56,515] {manager.py:690} INFO - Searching for files in /opt/airflow/dags
[2024-06-04 09:19:56,519] {manager.py:693} INFO - There are 0 files in /opt/airflow/dags
[2024-06-04 09:24:57,342] {manager.py:690} INFO - Searching for files in /opt/airflow/dags
[2024-06-04 09:24:57,348] {manager.py:693} INFO - There are 0 files in /opt/airflow/dags
[2024-06-04 09:29:58,145] {manager.py:690} INFO - Searching for files in /opt/airflow/dags
[2024-06-04 09:29:58,153] {manager.py:693} INFO - There are 0 files in /opt/airflow/dags
[2024-06-04 09:34:58,943] {manager.py:690} INFO - Searching for files in /opt/airflow/dags
[2024-06-04 09:34:58,947] {manager.py:693} INFO - There are 0 files in /opt/airflow/dags
[2024-06-04 09:39:59,784] {manager.py:690} INFO - Searching for files in /opt/airflow/dags
[2024-06-04 09:39:59,798] {manager.py:693} INFO - There are 0 files in /opt/airflow/dags
[2024-06-04 09:45:00,567] {manager.py:690} INFO - Searching for files in /opt/airflow/dags
[2024-06-04 09:45:00,580] {manager.py:693} INFO - There are 0 files in /opt/airflow/dags
[2024-06-04 09:50:01,343] {manager.py:690} INFO - Searching for files in /opt/airflow/dags
[2024-06-04 09:50:01,347] {manager.py:693} INFO - There are 0 files in /opt/airflow/dags
[2024-06-04 09:55:02,115] {manager.py:690} INFO - Searching for files in /opt/airflow/dags
[2024-06-04 09:55:02,121] {manager.py:693} INFO - There are 0 files in /opt/airflow/dags
[2024-06-04 10:00:02,889] {manager.py:690} INFO - Searching for files in /opt/airflow/dags
[2024-06-04 10:00:02,899] {manager.py:693} INFO - There are 0 files in /opt/airflow/dags
[2024-06-04 10:05:03,717] {manager.py:690} INFO - Searching for files in /opt/airflow/dags
[2024-06-04 10:05:03,738] {manager.py:693} INFO - There are 0 files in /opt/airflow/dags
[2024-06-04 11:35:54,891] {manager.py:690} INFO - Searching for files in /opt/airflow/dags
[2024-06-04 11:35:55,826] {manager.py:693} INFO - There are 0 files in /opt/airflow/dags
[2024-06-04 11:40:55,091] {manager.py:690} INFO - Searching for files in /opt/airflow/dags
[2024-06-04 11:40:55,096] {manager.py:693} INFO - There are 0 files in /opt/airflow/dags
[2024-06-04 11:45:55,858] {manager.py:690} INFO - Searching for files in /opt/airflow/dags
[2024-06-04 11:45:55,863] {manager.py:693} INFO - There are 0 files in /opt/airflow/dags
[2024-06-04 11:50:56,623] {manager.py:690} INFO - Searching for files in /opt/airflow/dags
[2024-06-04 11:50:56,631] {manager.py:693} INFO - There are 0 files in /opt/airflow/dags
[2024-06-04 11:55:57,433] {manager.py:690} INFO - Searching for files in /opt/airflow/dags
[2024-06-04 11:55:57,440] {manager.py:693} INFO - There are 0 files in /opt/airflow/dags
[2024-06-04 12:00:58,228] {manager.py:690} INFO - Searching for files in /opt/airflow/dags
[2024-06-04 12:00:58,235] {manager.py:693} INFO - There are 0 files in /opt/airflow/dags
[2024-06-04 12:47:52,001] {manager.py:480} INFO - Processing files using up to 2 processes at a time 
[2024-06-04 12:47:52,005] {manager.py:481} INFO - Process each file at most once every 30 seconds
[2024-06-04 12:47:52,006] {manager.py:483} INFO - Checking for new files in /opt/airflow/dags every 300 seconds
[2024-06-04 12:47:52,007] {manager.py:690} INFO - Searching for files in /opt/airflow/dags
[2024-06-04 12:47:52,020] {manager.py:693} INFO - There are 0 files in /opt/airflow/dags
[2024-06-04 12:52:52,901] {manager.py:690} INFO - Searching for files in /opt/airflow/dags
[2024-06-04 12:52:52,904] {manager.py:693} INFO - There are 0 files in /opt/airflow/dags
[2024-06-04 12:57:53,715] {manager.py:690} INFO - Searching for files in /opt/airflow/dags
[2024-06-04 12:57:53,721] {manager.py:693} INFO - There are 0 files in /opt/airflow/dags
[2024-06-04 13:02:53,982] {manager.py:690} INFO - Searching for files in /opt/airflow/dags
[2024-06-04 13:02:53,985] {manager.py:693} INFO - There are 0 files in /opt/airflow/dags
[2024-06-04 13:07:54,776] {manager.py:690} INFO - Searching for files in /opt/airflow/dags
[2024-06-04 13:07:54,780] {manager.py:693} INFO - There are 0 files in /opt/airflow/dags
[2024-06-04 13:12:55,564] {manager.py:690} INFO - Searching for files in /opt/airflow/dags
[2024-06-04 13:12:55,570] {manager.py:693} INFO - There are 0 files in /opt/airflow/dags
[2024-06-04 13:17:03,822] {manager.py:462} INFO - Exiting gracefully upon receiving signal 15
[2024-06-04 13:58:02,962] {manager.py:690} INFO - Searching for files in /opt/airflow/dags
[2024-06-04 13:58:02,966] {manager.py:693} INFO - There are 0 files in /opt/airflow/dags
[2024-06-04 14:03:03,736] {manager.py:690} INFO - Searching for files in /opt/airflow/dags
[2024-06-04 14:03:03,741] {manager.py:693} INFO - There are 0 files in /opt/airflow/dags
[2024-06-04 14:08:04,539] {manager.py:690} INFO - Searching for files in /opt/airflow/dags
[2024-06-04 14:08:04,545] {manager.py:693} INFO - There are 0 files in /opt/airflow/dags
[2024-06-04 14:13:05,359] {manager.py:690} INFO - Searching for files in /opt/airflow/dags
[2024-06-04 14:13:05,373] {manager.py:693} INFO - There are 0 files in /opt/airflow/dags
[2024-06-04 14:18:06,128] {manager.py:690} INFO - Searching for files in /opt/airflow/dags
[2024-06-04 14:18:06,136] {manager.py:693} INFO - There are 0 files in /opt/airflow/dags
[2024-06-04 14:23:06,927] {manager.py:690} INFO - Searching for files in /opt/airflow/dags
[2024-06-04 14:23:06,936] {manager.py:693} INFO - There are 0 files in /opt/airflow/dags
[2024-06-04 14:28:07,702] {manager.py:690} INFO - Searching for files in /opt/airflow/dags
[2024-06-04 14:28:07,728] {manager.py:693} INFO - There are 0 files in /opt/airflow/dags
[2024-06-04 14:33:08,506] {manager.py:690} INFO - Searching for files in /opt/airflow/dags
[2024-06-04 14:33:08,509] {manager.py:693} INFO - There are 0 files in /opt/airflow/dags
[2024-06-04 14:38:09,253] {manager.py:690} INFO - Searching for files in /opt/airflow/dags
[2024-06-04 14:38:09,257] {manager.py:693} INFO - There are 0 files in /opt/airflow/dags
[2024-06-04 14:43:10,048] {manager.py:690} INFO - Searching for files in /opt/airflow/dags
[2024-06-04 14:43:10,055] {manager.py:693} INFO - There are 0 files in /opt/airflow/dags
[2024-06-04 14:48:10,829] {manager.py:690} INFO - Searching for files in /opt/airflow/dags
[2024-06-04 14:48:10,848] {manager.py:693} INFO - There are 0 files in /opt/airflow/dags
[2024-06-04 14:53:11,616] {manager.py:690} INFO - Searching for files in /opt/airflow/dags
[2024-06-04 14:53:11,623] {manager.py:693} INFO - There are 0 files in /opt/airflow/dags
[2024-06-04 14:58:12,445] {manager.py:690} INFO - Searching for files in /opt/airflow/dags
[2024-06-04 14:58:12,451] {manager.py:693} INFO - There are 0 files in /opt/airflow/dags
[2024-06-04 15:03:13,207] {manager.py:690} INFO - Searching for files in /opt/airflow/dags
[2024-06-04 15:03:13,211] {manager.py:693} INFO - There are 0 files in /opt/airflow/dags
[2024-06-04 15:08:13,942] {manager.py:690} INFO - Searching for files in /opt/airflow/dags
[2024-06-04 15:08:13,949] {manager.py:693} INFO - There are 0 files in /opt/airflow/dags
[2024-06-04 15:13:14,704] {manager.py:690} INFO - Searching for files in /opt/airflow/dags
[2024-06-04 15:13:14,708] {manager.py:693} INFO - There are 0 files in /opt/airflow/dags
[2024-06-04 15:18:15,477] {manager.py:690} INFO - Searching for files in /opt/airflow/dags
[2024-06-04 15:18:15,483] {manager.py:693} INFO - There are 0 files in /opt/airflow/dags
[2024-06-04 15:23:16,204] {manager.py:690} INFO - Searching for files in /opt/airflow/dags
[2024-06-04 15:23:16,210] {manager.py:693} INFO - There are 0 files in /opt/airflow/dags
[2024-06-04 15:33:37,114] {manager.py:690} INFO - Searching for files in /opt/airflow/dags
[2024-06-04 15:33:40,850] {manager.py:693} INFO - There are 0 files in /opt/airflow/dags
[2024-06-05 04:58:13,529] {manager.py:690} INFO - Searching for files in /opt/airflow/dags
[2024-06-05 04:58:15,413] {manager.py:693} INFO - There are 0 files in /opt/airflow/dags
[2024-06-05 05:03:13,795] {manager.py:690} INFO - Searching for files in /opt/airflow/dags
[2024-06-05 05:03:13,803] {manager.py:693} INFO - There are 0 files in /opt/airflow/dags
[2024-06-05 05:08:14,704] {manager.py:690} INFO - Searching for files in /opt/airflow/dags
[2024-06-05 05:08:14,799] {manager.py:693} INFO - There are 0 files in /opt/airflow/dags
[2024-06-05 05:13:15,610] {manager.py:690} INFO - Searching for files in /opt/airflow/dags
[2024-06-05 05:13:15,614] {manager.py:693} INFO - There are 0 files in /opt/airflow/dags
[2024-06-05 05:18:16,462] {manager.py:690} INFO - Searching for files in /opt/airflow/dags
[2024-06-05 05:18:16,476] {manager.py:693} INFO - There are 0 files in /opt/airflow/dags
[2024-06-05 05:23:17,238] {manager.py:690} INFO - Searching for files in /opt/airflow/dags
[2024-06-05 05:23:17,242] {manager.py:693} INFO - There are 0 files in /opt/airflow/dags
[2024-06-05 05:28:17,964] {manager.py:690} INFO - Searching for files in /opt/airflow/dags
[2024-06-05 05:28:17,968] {manager.py:693} INFO - There are 0 files in /opt/airflow/dags
[2024-06-05 05:33:18,020] {manager.py:690} INFO - Searching for files in /opt/airflow/dags
[2024-06-05 05:33:18,025] {manager.py:693} INFO - There are 0 files in /opt/airflow/dags
[2024-06-05 05:38:18,805] {manager.py:690} INFO - Searching for files in /opt/airflow/dags
[2024-06-05 05:38:18,811] {manager.py:693} INFO - There are 0 files in /opt/airflow/dags
[2024-06-05 05:43:19,712] {manager.py:690} INFO - Searching for files in /opt/airflow/dags
[2024-06-05 05:43:19,804] {manager.py:693} INFO - There are 0 files in /opt/airflow/dags
[2024-06-05 05:48:20,600] {manager.py:690} INFO - Searching for files in /opt/airflow/dags
[2024-06-05 05:48:20,615] {manager.py:693} INFO - There are 0 files in /opt/airflow/dags
[2024-06-05 05:53:21,391] {manager.py:690} INFO - Searching for files in /opt/airflow/dags
[2024-06-05 05:53:21,396] {manager.py:693} INFO - There are 0 files in /opt/airflow/dags
[2024-06-05 05:58:22,137] {manager.py:690} INFO - Searching for files in /opt/airflow/dags
[2024-06-05 05:58:22,142] {manager.py:693} INFO - There are 0 files in /opt/airflow/dags
[2024-06-05 06:03:22,950] {manager.py:690} INFO - Searching for files in /opt/airflow/dags
[2024-06-05 06:03:22,966] {manager.py:693} INFO - There are 0 files in /opt/airflow/dags
[2024-06-05 06:08:23,756] {manager.py:690} INFO - Searching for files in /opt/airflow/dags
[2024-06-05 06:08:23,761] {manager.py:693} INFO - There are 0 files in /opt/airflow/dags
[2024-06-05 06:13:24,578] {manager.py:690} INFO - Searching for files in /opt/airflow/dags
[2024-06-05 06:13:24,584] {manager.py:693} INFO - There are 0 files in /opt/airflow/dags
[2024-06-05 06:18:25,341] {manager.py:690} INFO - Searching for files in /opt/airflow/dags
[2024-06-05 06:18:25,346] {manager.py:693} INFO - There are 0 files in /opt/airflow/dags
[2024-06-05 06:23:26,108] {manager.py:690} INFO - Searching for files in /opt/airflow/dags
[2024-06-05 06:23:26,113] {manager.py:693} INFO - There are 0 files in /opt/airflow/dags
[2024-06-05 06:28:26,903] {manager.py:690} INFO - Searching for files in /opt/airflow/dags
[2024-06-05 06:28:26,909] {manager.py:693} INFO - There are 0 files in /opt/airflow/dags
[2024-06-05 06:33:27,700] {manager.py:690} INFO - Searching for files in /opt/airflow/dags
[2024-06-05 06:33:27,705] {manager.py:693} INFO - There are 0 files in /opt/airflow/dags
[2024-06-05 06:38:28,459] {manager.py:690} INFO - Searching for files in /opt/airflow/dags
[2024-06-05 06:38:28,464] {manager.py:693} INFO - There are 0 files in /opt/airflow/dags
[2024-06-05 06:43:29,266] {manager.py:690} INFO - Searching for files in /opt/airflow/dags
[2024-06-05 06:43:29,270] {manager.py:693} INFO - There are 0 files in /opt/airflow/dags
[2024-06-05 06:48:30,029] {manager.py:690} INFO - Searching for files in /opt/airflow/dags
[2024-06-05 06:48:30,035] {manager.py:693} INFO - There are 0 files in /opt/airflow/dags
[2024-06-05 06:53:30,764] {manager.py:690} INFO - Searching for files in /opt/airflow/dags
[2024-06-05 06:53:30,769] {manager.py:693} INFO - There are 0 files in /opt/airflow/dags
[2024-06-05 06:58:31,558] {manager.py:690} INFO - Searching for files in /opt/airflow/dags
[2024-06-05 06:58:31,565] {manager.py:693} INFO - There are 0 files in /opt/airflow/dags
[2024-06-05 07:03:32,340] {manager.py:690} INFO - Searching for files in /opt/airflow/dags
[2024-06-05 07:03:32,346] {manager.py:693} INFO - There are 0 files in /opt/airflow/dags
[2024-06-05 07:08:33,088] {manager.py:690} INFO - Searching for files in /opt/airflow/dags
[2024-06-05 07:08:33,092] {manager.py:693} INFO - There are 0 files in /opt/airflow/dags
[2024-06-05 07:13:33,863] {manager.py:690} INFO - Searching for files in /opt/airflow/dags
[2024-06-05 07:13:33,867] {manager.py:693} INFO - There are 0 files in /opt/airflow/dags
[2024-06-05 07:18:34,634] {manager.py:690} INFO - Searching for files in /opt/airflow/dags
[2024-06-05 07:18:34,641] {manager.py:693} INFO - There are 0 files in /opt/airflow/dags
[2024-06-05 07:23:35,369] {manager.py:690} INFO - Searching for files in /opt/airflow/dags
[2024-06-05 07:23:35,372] {manager.py:693} INFO - There are 0 files in /opt/airflow/dags
[2024-06-05 07:28:36,145] {manager.py:690} INFO - Searching for files in /opt/airflow/dags
[2024-06-05 07:28:36,151] {manager.py:693} INFO - There are 0 files in /opt/airflow/dags
[2024-06-05 07:33:36,923] {manager.py:690} INFO - Searching for files in /opt/airflow/dags
[2024-06-05 07:33:36,932] {manager.py:693} INFO - There are 0 files in /opt/airflow/dags
[2024-06-05 07:38:37,701] {manager.py:690} INFO - Searching for files in /opt/airflow/dags
[2024-06-05 07:38:37,708] {manager.py:693} INFO - There are 0 files in /opt/airflow/dags
[2024-06-05 07:43:38,466] {manager.py:690} INFO - Searching for files in /opt/airflow/dags
[2024-06-05 07:43:38,470] {manager.py:693} INFO - There are 0 files in /opt/airflow/dags
[2024-06-05 07:48:39,215] {manager.py:690} INFO - Searching for files in /opt/airflow/dags
[2024-06-05 07:48:39,219] {manager.py:693} INFO - There are 0 files in /opt/airflow/dags
[2024-06-05 07:53:39,968] {manager.py:690} INFO - Searching for files in /opt/airflow/dags
[2024-06-05 07:53:39,974] {manager.py:693} INFO - There are 0 files in /opt/airflow/dags
[2024-06-05 07:58:40,715] {manager.py:690} INFO - Searching for files in /opt/airflow/dags
[2024-06-05 07:58:40,721] {manager.py:693} INFO - There are 0 files in /opt/airflow/dags
[2024-06-05 08:03:41,510] {manager.py:690} INFO - Searching for files in /opt/airflow/dags
[2024-06-05 08:03:41,659] {manager.py:693} INFO - There are 0 files in /opt/airflow/dags
[2024-06-05 08:08:41,555] {manager.py:690} INFO - Searching for files in /opt/airflow/dags
[2024-06-05 08:08:41,606] {manager.py:693} INFO - There are 0 files in /opt/airflow/dags
[2024-06-05 08:13:42,454] {manager.py:690} INFO - Searching for files in /opt/airflow/dags
[2024-06-05 08:13:42,458] {manager.py:693} INFO - There are 0 files in /opt/airflow/dags
[2024-06-05 08:18:43,214] {manager.py:690} INFO - Searching for files in /opt/airflow/dags
[2024-06-05 08:18:43,219] {manager.py:693} INFO - There are 0 files in /opt/airflow/dags
[2024-06-05 08:23:43,990] {manager.py:690} INFO - Searching for files in /opt/airflow/dags
[2024-06-05 08:23:43,995] {manager.py:693} INFO - There are 0 files in /opt/airflow/dags
[2024-06-05 08:28:44,781] {manager.py:690} INFO - Searching for files in /opt/airflow/dags
[2024-06-05 08:28:44,787] {manager.py:693} INFO - There are 0 files in /opt/airflow/dags
[2024-06-05 08:33:45,546] {manager.py:690} INFO - Searching for files in /opt/airflow/dags
[2024-06-05 08:33:45,550] {manager.py:693} INFO - There are 0 files in /opt/airflow/dags
[2024-06-05 08:38:46,295] {manager.py:690} INFO - Searching for files in /opt/airflow/dags
[2024-06-05 08:38:46,301] {manager.py:693} INFO - There are 0 files in /opt/airflow/dags
[2024-06-05 08:43:47,056] {manager.py:690} INFO - Searching for files in /opt/airflow/dags
[2024-06-05 08:43:47,062] {manager.py:693} INFO - There are 0 files in /opt/airflow/dags
[2024-06-05 08:48:47,842] {manager.py:690} INFO - Searching for files in /opt/airflow/dags
[2024-06-05 08:48:47,848] {manager.py:693} INFO - There are 0 files in /opt/airflow/dags
[2024-06-05 08:53:47,948] {manager.py:690} INFO - Searching for files in /opt/airflow/dags
[2024-06-05 08:53:47,955] {manager.py:693} INFO - There are 0 files in /opt/airflow/dags
[2024-06-05 08:58:48,776] {manager.py:690} INFO - Searching for files in /opt/airflow/dags
[2024-06-05 08:58:48,816] {manager.py:693} INFO - There are 0 files in /opt/airflow/dags
[2024-06-05 09:03:49,615] {manager.py:690} INFO - Searching for files in /opt/airflow/dags
[2024-06-05 09:03:49,636] {manager.py:693} INFO - There are 0 files in /opt/airflow/dags
[2024-06-05 09:08:50,369] {manager.py:690} INFO - Searching for files in /opt/airflow/dags
[2024-06-05 09:08:50,375] {manager.py:693} INFO - There are 0 files in /opt/airflow/dags
[2024-06-05 09:13:51,154] {manager.py:690} INFO - Searching for files in /opt/airflow/dags
[2024-06-05 09:13:51,165] {manager.py:693} INFO - There are 0 files in /opt/airflow/dags
[2024-06-05 09:18:51,999] {manager.py:690} INFO - Searching for files in /opt/airflow/dags
[2024-06-05 09:18:52,014] {manager.py:693} INFO - There are 0 files in /opt/airflow/dags
[2024-06-05 09:23:52,798] {manager.py:690} INFO - Searching for files in /opt/airflow/dags
[2024-06-05 09:23:52,806] {manager.py:693} INFO - There are 0 files in /opt/airflow/dags
[2024-06-05 09:28:53,593] {manager.py:690} INFO - Searching for files in /opt/airflow/dags
[2024-06-05 09:28:53,619] {manager.py:693} INFO - There are 0 files in /opt/airflow/dags
[2024-06-05 09:33:54,426] {manager.py:690} INFO - Searching for files in /opt/airflow/dags
[2024-06-05 09:33:54,455] {manager.py:693} INFO - There are 0 files in /opt/airflow/dags
[2024-06-05 09:38:55,211] {manager.py:690} INFO - Searching for files in /opt/airflow/dags
[2024-06-05 09:38:55,216] {manager.py:693} INFO - There are 0 files in /opt/airflow/dags
[2024-06-05 09:43:55,953] {manager.py:690} INFO - Searching for files in /opt/airflow/dags
[2024-06-05 09:43:55,957] {manager.py:693} INFO - There are 0 files in /opt/airflow/dags
[2024-06-05 09:48:56,717] {manager.py:690} INFO - Searching for files in /opt/airflow/dags
[2024-06-05 09:48:56,731] {manager.py:693} INFO - There are 0 files in /opt/airflow/dags
[2024-06-05 09:53:57,494] {manager.py:690} INFO - Searching for files in /opt/airflow/dags
[2024-06-05 09:53:57,500] {manager.py:693} INFO - There are 0 files in /opt/airflow/dags
[2024-06-05 09:58:58,270] {manager.py:690} INFO - Searching for files in /opt/airflow/dags
[2024-06-05 09:58:58,276] {manager.py:693} INFO - There are 0 files in /opt/airflow/dags
[2024-06-05 10:03:59,053] {manager.py:690} INFO - Searching for files in /opt/airflow/dags
[2024-06-05 10:03:59,056] {manager.py:693} INFO - There are 0 files in /opt/airflow/dags
[2024-06-05 10:08:59,830] {manager.py:690} INFO - Searching for files in /opt/airflow/dags
[2024-06-05 10:08:59,840] {manager.py:693} INFO - There are 0 files in /opt/airflow/dags
[2024-06-05 10:14:00,641] {manager.py:690} INFO - Searching for files in /opt/airflow/dags
[2024-06-05 10:14:00,650] {manager.py:693} INFO - There are 0 files in /opt/airflow/dags
[2024-06-05 13:47:37,927] {manager.py:690} INFO - Searching for files in /opt/airflow/dags
[2024-06-05 13:47:38,503] {manager.py:693} INFO - There are 0 files in /opt/airflow/dags
[2024-06-05 13:52:38,728] {manager.py:690} INFO - Searching for files in /opt/airflow/dags
[2024-06-05 13:52:38,735] {manager.py:693} INFO - There are 0 files in /opt/airflow/dags
[2024-06-05 13:57:39,512] {manager.py:690} INFO - Searching for files in /opt/airflow/dags
[2024-06-05 13:57:39,520] {manager.py:693} INFO - There are 0 files in /opt/airflow/dags
[2024-06-05 14:02:40,135] {manager.py:690} INFO - Searching for files in /opt/airflow/dags
[2024-06-05 14:02:40,146] {manager.py:693} INFO - There are 0 files in /opt/airflow/dags
[2024-06-05 14:07:40,918] {manager.py:690} INFO - Searching for files in /opt/airflow/dags
[2024-06-05 14:07:40,923] {manager.py:693} INFO - There are 0 files in /opt/airflow/dags
[2024-06-05 14:12:41,704] {manager.py:690} INFO - Searching for files in /opt/airflow/dags
[2024-06-05 14:12:41,708] {manager.py:693} INFO - There are 0 files in /opt/airflow/dags
[2024-06-05 14:17:42,487] {manager.py:690} INFO - Searching for files in /opt/airflow/dags
[2024-06-05 14:17:42,490] {manager.py:693} INFO - There are 0 files in /opt/airflow/dags
[2024-06-05 14:22:43,262] {manager.py:690} INFO - Searching for files in /opt/airflow/dags
[2024-06-05 14:22:43,278] {manager.py:693} INFO - There are 0 files in /opt/airflow/dags
[2024-06-05 14:27:44,065] {manager.py:690} INFO - Searching for files in /opt/airflow/dags
[2024-06-05 14:27:44,069] {manager.py:693} INFO - There are 0 files in /opt/airflow/dags
[2024-06-05 14:32:44,809] {manager.py:690} INFO - Searching for files in /opt/airflow/dags
[2024-06-05 14:32:44,856] {manager.py:693} INFO - There are 0 files in /opt/airflow/dags
[2024-06-05 14:37:45,631] {manager.py:690} INFO - Searching for files in /opt/airflow/dags
[2024-06-05 14:37:45,637] {manager.py:693} INFO - There are 0 files in /opt/airflow/dags
[2024-06-05 14:42:46,383] {manager.py:690} INFO - Searching for files in /opt/airflow/dags
[2024-06-05 14:42:46,387] {manager.py:693} INFO - There are 0 files in /opt/airflow/dags
[2024-06-05 14:47:47,146] {manager.py:690} INFO - Searching for files in /opt/airflow/dags
[2024-06-05 14:47:47,160] {manager.py:693} INFO - There are 0 files in /opt/airflow/dags
[2024-06-05 14:52:47,957] {manager.py:690} INFO - Searching for files in /opt/airflow/dags
[2024-06-05 14:52:47,962] {manager.py:693} INFO - There are 0 files in /opt/airflow/dags
[2024-06-05 14:57:48,711] {manager.py:690} INFO - Searching for files in /opt/airflow/dags
[2024-06-05 14:57:48,716] {manager.py:693} INFO - There are 0 files in /opt/airflow/dags
[2024-06-05 15:02:49,467] {manager.py:690} INFO - Searching for files in /opt/airflow/dags
[2024-06-05 15:02:49,479] {manager.py:693} INFO - There are 0 files in /opt/airflow/dags
[2024-06-05 15:07:50,275] {manager.py:690} INFO - Searching for files in /opt/airflow/dags
[2024-06-05 15:07:50,282] {manager.py:693} INFO - There are 0 files in /opt/airflow/dags
[2024-06-05 15:12:51,032] {manager.py:690} INFO - Searching for files in /opt/airflow/dags
[2024-06-05 15:12:51,036] {manager.py:693} INFO - There are 0 files in /opt/airflow/dags
[2024-06-05 15:17:51,759] {manager.py:690} INFO - Searching for files in /opt/airflow/dags
[2024-06-05 15:17:51,766] {manager.py:693} INFO - There are 0 files in /opt/airflow/dags
[2024-06-05 15:22:52,521] {manager.py:690} INFO - Searching for files in /opt/airflow/dags
[2024-06-05 15:22:52,553] {manager.py:693} INFO - There are 0 files in /opt/airflow/dags
[2024-06-05 15:27:53,300] {manager.py:690} INFO - Searching for files in /opt/airflow/dags
[2024-06-05 15:27:53,304] {manager.py:693} INFO - There are 0 files in /opt/airflow/dags
[2024-06-05 15:32:54,079] {manager.py:690} INFO - Searching for files in /opt/airflow/dags
[2024-06-05 15:32:54,083] {manager.py:693} INFO - There are 0 files in /opt/airflow/dags
[2024-06-05 15:37:54,821] {manager.py:690} INFO - Searching for files in /opt/airflow/dags
[2024-06-05 15:37:54,831] {manager.py:693} INFO - There are 0 files in /opt/airflow/dags
[2024-06-05 15:42:55,588] {manager.py:690} INFO - Searching for files in /opt/airflow/dags
[2024-06-05 15:42:55,595] {manager.py:693} INFO - There are 0 files in /opt/airflow/dags
[2024-06-05 15:47:56,311] {manager.py:690} INFO - Searching for files in /opt/airflow/dags
[2024-06-05 15:47:56,335] {manager.py:693} INFO - There are 0 files in /opt/airflow/dags
[2024-06-05 15:52:57,147] {manager.py:690} INFO - Searching for files in /opt/airflow/dags
[2024-06-05 15:52:57,152] {manager.py:693} INFO - There are 0 files in /opt/airflow/dags
[2024-06-05 15:57:57,906] {manager.py:690} INFO - Searching for files in /opt/airflow/dags
[2024-06-05 15:57:57,911] {manager.py:693} INFO - There are 0 files in /opt/airflow/dags
[2024-06-05 16:02:58,688] {manager.py:690} INFO - Searching for files in /opt/airflow/dags
[2024-06-05 16:02:58,692] {manager.py:693} INFO - There are 0 files in /opt/airflow/dags
[2024-06-05 16:07:59,439] {manager.py:690} INFO - Searching for files in /opt/airflow/dags
[2024-06-05 16:07:59,446] {manager.py:693} INFO - There are 0 files in /opt/airflow/dags
[2024-06-05 16:13:00,218] {manager.py:690} INFO - Searching for files in /opt/airflow/dags
[2024-06-05 16:13:00,225] {manager.py:693} INFO - There are 0 files in /opt/airflow/dags
[2024-06-05 16:18:00,998] {manager.py:690} INFO - Searching for files in /opt/airflow/dags
[2024-06-05 16:18:01,006] {manager.py:693} INFO - There are 0 files in /opt/airflow/dags
[2024-06-05 16:23:01,779] {manager.py:690} INFO - Searching for files in /opt/airflow/dags
[2024-06-05 16:23:01,783] {manager.py:693} INFO - There are 0 files in /opt/airflow/dags
[2024-06-05 16:28:02,524] {manager.py:690} INFO - Searching for files in /opt/airflow/dags
[2024-06-05 16:28:02,530] {manager.py:693} INFO - There are 0 files in /opt/airflow/dags
[2024-06-05 16:33:03,330] {manager.py:690} INFO - Searching for files in /opt/airflow/dags
[2024-06-05 16:33:03,336] {manager.py:693} INFO - There are 0 files in /opt/airflow/dags
[2024-06-05 16:38:04,299] {manager.py:690} INFO - Searching for files in /opt/airflow/dags
[2024-06-05 16:38:04,361] {manager.py:693} INFO - There are 0 files in /opt/airflow/dags
[2024-06-05 16:43:05,148] {manager.py:690} INFO - Searching for files in /opt/airflow/dags
[2024-06-05 16:43:05,159] {manager.py:693} INFO - There are 0 files in /opt/airflow/dags
[2024-06-05 16:48:05,918] {manager.py:690} INFO - Searching for files in /opt/airflow/dags
[2024-06-05 16:48:05,923] {manager.py:693} INFO - There are 0 files in /opt/airflow/dags
[2024-06-05 16:53:06,697] {manager.py:690} INFO - Searching for files in /opt/airflow/dags
[2024-06-05 16:53:06,702] {manager.py:693} INFO - There are 0 files in /opt/airflow/dags
[2024-06-05 17:30:36,107] {manager.py:690} INFO - Searching for files in /opt/airflow/dags
[2024-06-05 17:30:54,500] {manager.py:693} INFO - There are 0 files in /opt/airflow/dags
[2024-06-06 05:05:03,145] {manager.py:690} INFO - Searching for files in /opt/airflow/dags
[2024-06-06 05:05:05,153] {manager.py:693} INFO - There are 0 files in /opt/airflow/dags
[2024-06-06 05:10:03,217] {manager.py:690} INFO - Searching for files in /opt/airflow/dags
[2024-06-06 05:10:03,221] {manager.py:693} INFO - There are 0 files in /opt/airflow/dags
[2024-06-06 05:15:04,124] {manager.py:690} INFO - Searching for files in /opt/airflow/dags
[2024-06-06 05:15:04,141] {manager.py:693} INFO - There are 0 files in /opt/airflow/dags
[2024-06-06 05:20:04,903] {manager.py:690} INFO - Searching for files in /opt/airflow/dags
[2024-06-06 05:20:04,932] {manager.py:693} INFO - There are 0 files in /opt/airflow/dags
[2024-06-06 05:25:05,702] {manager.py:690} INFO - Searching for files in /opt/airflow/dags
[2024-06-06 05:25:05,707] {manager.py:693} INFO - There are 0 files in /opt/airflow/dags
[2024-06-06 05:30:06,496] {manager.py:690} INFO - Searching for files in /opt/airflow/dags
[2024-06-06 05:30:06,503] {manager.py:693} INFO - There are 0 files in /opt/airflow/dags
[2024-06-06 05:35:07,290] {manager.py:690} INFO - Searching for files in /opt/airflow/dags
[2024-06-06 05:35:07,313] {manager.py:693} INFO - There are 0 files in /opt/airflow/dags
[2024-06-06 05:40:08,087] {manager.py:690} INFO - Searching for files in /opt/airflow/dags
[2024-06-06 05:40:08,091] {manager.py:693} INFO - There are 0 files in /opt/airflow/dags
[2024-06-06 05:45:08,790] {manager.py:690} INFO - Searching for files in /opt/airflow/dags
[2024-06-06 05:45:08,798] {manager.py:693} INFO - There are 0 files in /opt/airflow/dags
[2024-06-06 05:50:09,524] {manager.py:690} INFO - Searching for files in /opt/airflow/dags
[2024-06-06 05:50:09,531] {manager.py:693} INFO - There are 0 files in /opt/airflow/dags
[2024-06-06 05:55:10,303] {manager.py:690} INFO - Searching for files in /opt/airflow/dags
[2024-06-06 05:55:10,323] {manager.py:693} INFO - There are 0 files in /opt/airflow/dags
[2024-06-06 06:00:11,143] {manager.py:690} INFO - Searching for files in /opt/airflow/dags
[2024-06-06 06:00:11,149] {manager.py:693} INFO - There are 0 files in /opt/airflow/dags
[2024-06-06 06:05:11,886] {manager.py:690} INFO - Searching for files in /opt/airflow/dags
[2024-06-06 06:05:11,892] {manager.py:693} INFO - There are 0 files in /opt/airflow/dags
[2024-06-06 06:10:12,685] {manager.py:690} INFO - Searching for files in /opt/airflow/dags
[2024-06-06 06:10:12,702] {manager.py:693} INFO - There are 0 files in /opt/airflow/dags
[2024-06-06 06:15:13,502] {manager.py:690} INFO - Searching for files in /opt/airflow/dags
[2024-06-06 06:15:13,514] {manager.py:693} INFO - There are 0 files in /opt/airflow/dags
[2024-06-06 06:20:14,296] {manager.py:690} INFO - Searching for files in /opt/airflow/dags
[2024-06-06 06:20:14,300] {manager.py:693} INFO - There are 0 files in /opt/airflow/dags
[2024-06-06 06:25:15,094] {manager.py:690} INFO - Searching for files in /opt/airflow/dags
[2024-06-06 06:25:15,100] {manager.py:693} INFO - There are 0 files in /opt/airflow/dags
[2024-06-06 06:30:15,907] {manager.py:690} INFO - Searching for files in /opt/airflow/dags
[2024-06-06 06:30:15,911] {manager.py:693} INFO - There are 0 files in /opt/airflow/dags
[2024-06-06 06:35:16,718] {manager.py:690} INFO - Searching for files in /opt/airflow/dags
[2024-06-06 06:35:16,726] {manager.py:693} INFO - There are 0 files in /opt/airflow/dags
[2024-06-06 06:40:17,521] {manager.py:690} INFO - Searching for files in /opt/airflow/dags
[2024-06-06 06:40:17,531] {manager.py:693} INFO - There are 0 files in /opt/airflow/dags
[2024-06-06 06:45:18,368] {manager.py:690} INFO - Searching for files in /opt/airflow/dags
[2024-06-06 06:45:18,373] {manager.py:693} INFO - There are 0 files in /opt/airflow/dags
[2024-06-06 06:50:19,086] {manager.py:690} INFO - Searching for files in /opt/airflow/dags
[2024-06-06 06:50:19,089] {manager.py:693} INFO - There are 0 files in /opt/airflow/dags
[2024-06-06 06:55:19,836] {manager.py:690} INFO - Searching for files in /opt/airflow/dags
[2024-06-06 06:55:19,840] {manager.py:693} INFO - There are 0 files in /opt/airflow/dags
[2024-06-06 07:00:20,579] {manager.py:690} INFO - Searching for files in /opt/airflow/dags
[2024-06-06 07:00:20,586] {manager.py:693} INFO - There are 0 files in /opt/airflow/dags
[2024-06-06 07:05:21,390] {manager.py:690} INFO - Searching for files in /opt/airflow/dags
[2024-06-06 07:05:21,402] {manager.py:693} INFO - There are 0 files in /opt/airflow/dags
[2024-06-06 07:10:22,199] {manager.py:690} INFO - Searching for files in /opt/airflow/dags
[2024-06-06 07:10:22,203] {manager.py:693} INFO - There are 0 files in /opt/airflow/dags
[2024-06-06 07:15:22,925] {manager.py:690} INFO - Searching for files in /opt/airflow/dags
[2024-06-06 07:15:22,930] {manager.py:693} INFO - There are 0 files in /opt/airflow/dags
[2024-06-06 07:20:23,691] {manager.py:690} INFO - Searching for files in /opt/airflow/dags
[2024-06-06 07:20:23,695] {manager.py:693} INFO - There are 0 files in /opt/airflow/dags
[2024-06-06 07:25:24,457] {manager.py:690} INFO - Searching for files in /opt/airflow/dags
[2024-06-06 07:25:24,469] {manager.py:693} INFO - There are 0 files in /opt/airflow/dags
[2024-06-06 07:30:25,192] {manager.py:690} INFO - Searching for files in /opt/airflow/dags
[2024-06-06 07:30:25,197] {manager.py:693} INFO - There are 0 files in /opt/airflow/dags
[2024-06-06 07:35:25,949] {manager.py:690} INFO - Searching for files in /opt/airflow/dags
[2024-06-06 07:35:25,954] {manager.py:693} INFO - There are 0 files in /opt/airflow/dags
[2024-06-06 07:40:26,704] {manager.py:690} INFO - Searching for files in /opt/airflow/dags
[2024-06-06 07:40:26,710] {manager.py:693} INFO - There are 0 files in /opt/airflow/dags
[2024-06-06 07:45:27,449] {manager.py:690} INFO - Searching for files in /opt/airflow/dags
[2024-06-06 07:45:27,455] {manager.py:693} INFO - There are 0 files in /opt/airflow/dags
[2024-06-06 07:50:28,217] {manager.py:690} INFO - Searching for files in /opt/airflow/dags
[2024-06-06 07:50:28,221] {manager.py:693} INFO - There are 0 files in /opt/airflow/dags
[2024-06-06 07:55:29,034] {manager.py:690} INFO - Searching for files in /opt/airflow/dags
[2024-06-06 07:55:29,039] {manager.py:693} INFO - There are 0 files in /opt/airflow/dags
[2024-06-06 08:00:29,795] {manager.py:690} INFO - Searching for files in /opt/airflow/dags
[2024-06-06 08:00:29,972] {manager.py:693} INFO - There are 0 files in /opt/airflow/dags
[2024-06-06 08:05:29,802] {manager.py:690} INFO - Searching for files in /opt/airflow/dags
[2024-06-06 08:05:29,806] {manager.py:693} INFO - There are 0 files in /opt/airflow/dags
[2024-06-06 08:10:30,602] {manager.py:690} INFO - Searching for files in /opt/airflow/dags
[2024-06-06 08:10:30,606] {manager.py:693} INFO - There are 0 files in /opt/airflow/dags
[2024-06-06 08:15:31,353] {manager.py:690} INFO - Searching for files in /opt/airflow/dags
[2024-06-06 08:15:31,362] {manager.py:693} INFO - There are 0 files in /opt/airflow/dags
[2024-06-06 08:20:32,123] {manager.py:690} INFO - Searching for files in /opt/airflow/dags
[2024-06-06 08:20:32,135] {manager.py:693} INFO - There are 0 files in /opt/airflow/dags
[2024-06-06 08:25:32,926] {manager.py:690} INFO - Searching for files in /opt/airflow/dags
[2024-06-06 08:25:32,932] {manager.py:693} INFO - There are 0 files in /opt/airflow/dags
[2024-06-06 08:30:33,753] {manager.py:690} INFO - Searching for files in /opt/airflow/dags
[2024-06-06 08:30:33,758] {manager.py:693} INFO - There are 0 files in /opt/airflow/dags
[2024-06-06 08:35:34,514] {manager.py:690} INFO - Searching for files in /opt/airflow/dags
[2024-06-06 08:35:34,531] {manager.py:693} INFO - There are 0 files in /opt/airflow/dags
[2024-06-06 08:40:35,307] {manager.py:690} INFO - Searching for files in /opt/airflow/dags
[2024-06-06 08:40:35,314] {manager.py:693} INFO - There are 0 files in /opt/airflow/dags
[2024-06-06 08:45:36,096] {manager.py:690} INFO - Searching for files in /opt/airflow/dags
[2024-06-06 08:45:36,101] {manager.py:693} INFO - There are 0 files in /opt/airflow/dags
[2024-06-06 08:50:36,867] {manager.py:690} INFO - Searching for files in /opt/airflow/dags
[2024-06-06 08:50:36,871] {manager.py:693} INFO - There are 0 files in /opt/airflow/dags
[2024-06-06 08:55:37,606] {manager.py:690} INFO - Searching for files in /opt/airflow/dags
[2024-06-06 08:55:37,610] {manager.py:693} INFO - There are 0 files in /opt/airflow/dags
[2024-06-06 09:00:38,365] {manager.py:690} INFO - Searching for files in /opt/airflow/dags
[2024-06-06 09:00:38,370] {manager.py:693} INFO - There are 0 files in /opt/airflow/dags
[2024-06-06 09:05:39,149] {manager.py:690} INFO - Searching for files in /opt/airflow/dags
[2024-06-06 09:05:39,154] {manager.py:693} INFO - There are 0 files in /opt/airflow/dags
[2024-06-06 09:10:39,911] {manager.py:690} INFO - Searching for files in /opt/airflow/dags
[2024-06-06 09:10:39,923] {manager.py:693} INFO - There are 0 files in /opt/airflow/dags
[2024-06-06 09:15:40,710] {manager.py:690} INFO - Searching for files in /opt/airflow/dags
[2024-06-06 09:15:40,722] {manager.py:693} INFO - There are 0 files in /opt/airflow/dags
[2024-06-06 09:20:41,538] {manager.py:690} INFO - Searching for files in /opt/airflow/dags
[2024-06-06 09:20:41,543] {manager.py:693} INFO - There are 0 files in /opt/airflow/dags
[2024-06-06 09:25:42,306] {manager.py:690} INFO - Searching for files in /opt/airflow/dags
[2024-06-06 09:25:42,313] {manager.py:693} INFO - There are 0 files in /opt/airflow/dags
[2024-06-06 09:30:43,052] {manager.py:690} INFO - Searching for files in /opt/airflow/dags
[2024-06-06 09:30:43,057] {manager.py:693} INFO - There are 0 files in /opt/airflow/dags
[2024-06-06 09:35:43,850] {manager.py:690} INFO - Searching for files in /opt/airflow/dags
[2024-06-06 09:35:43,864] {manager.py:693} INFO - There are 0 files in /opt/airflow/dags
[2024-06-06 09:40:43,958] {manager.py:690} INFO - Searching for files in /opt/airflow/dags
[2024-06-06 09:40:43,963] {manager.py:693} INFO - There are 0 files in /opt/airflow/dags
[2024-06-06 09:45:44,724] {manager.py:690} INFO - Searching for files in /opt/airflow/dags
[2024-06-06 09:45:44,729] {manager.py:693} INFO - There are 0 files in /opt/airflow/dags
[2024-06-06 09:50:45,485] {manager.py:690} INFO - Searching for files in /opt/airflow/dags
[2024-06-06 09:50:45,490] {manager.py:693} INFO - There are 0 files in /opt/airflow/dags
[2024-06-06 09:55:46,235] {manager.py:690} INFO - Searching for files in /opt/airflow/dags
[2024-06-06 09:55:46,241] {manager.py:693} INFO - There are 0 files in /opt/airflow/dags
[2024-06-06 10:00:46,965] {manager.py:690} INFO - Searching for files in /opt/airflow/dags
[2024-06-06 10:00:46,969] {manager.py:693} INFO - There are 0 files in /opt/airflow/dags
[2024-06-06 10:05:47,713] {manager.py:690} INFO - Searching for files in /opt/airflow/dags
[2024-06-06 10:05:47,719] {manager.py:693} INFO - There are 0 files in /opt/airflow/dags
[2024-06-06 10:10:48,481] {manager.py:690} INFO - Searching for files in /opt/airflow/dags
[2024-06-06 10:10:48,484] {manager.py:693} INFO - There are 0 files in /opt/airflow/dags
[2024-06-06 10:15:49,223] {manager.py:690} INFO - Searching for files in /opt/airflow/dags
[2024-06-06 10:15:49,284] {manager.py:693} INFO - There are 0 files in /opt/airflow/dags
[2024-06-06 10:20:50,096] {manager.py:690} INFO - Searching for files in /opt/airflow/dags
[2024-06-06 10:20:50,103] {manager.py:693} INFO - There are 0 files in /opt/airflow/dags
[2024-06-06 11:27:58,009] {manager.py:690} INFO - Searching for files in /opt/airflow/dags
[2024-06-06 11:28:01,154] {manager.py:693} INFO - There are 0 files in /opt/airflow/dags
[2024-06-06 11:32:58,287] {manager.py:690} INFO - Searching for files in /opt/airflow/dags
[2024-06-06 11:32:58,294] {manager.py:693} INFO - There are 0 files in /opt/airflow/dags
[2024-06-06 11:37:59,065] {manager.py:690} INFO - Searching for files in /opt/airflow/dags
[2024-06-06 11:37:59,082] {manager.py:693} INFO - There are 0 files in /opt/airflow/dags
[2024-06-06 11:42:59,845] {manager.py:690} INFO - Searching for files in /opt/airflow/dags
[2024-06-06 11:42:59,850] {manager.py:693} INFO - There are 0 files in /opt/airflow/dags
[2024-06-06 11:48:00,617] {manager.py:690} INFO - Searching for files in /opt/airflow/dags
[2024-06-06 11:48:00,632] {manager.py:693} INFO - There are 0 files in /opt/airflow/dags
[2024-06-06 11:53:01,447] {manager.py:690} INFO - Searching for files in /opt/airflow/dags
[2024-06-06 11:53:01,454] {manager.py:693} INFO - There are 0 files in /opt/airflow/dags
[2024-06-06 11:58:02,220] {manager.py:690} INFO - Searching for files in /opt/airflow/dags
[2024-06-06 11:58:02,238] {manager.py:693} INFO - There are 0 files in /opt/airflow/dags
[2024-06-06 12:03:02,996] {manager.py:690} INFO - Searching for files in /opt/airflow/dags
[2024-06-06 12:03:03,002] {manager.py:693} INFO - There are 0 files in /opt/airflow/dags
[2024-06-06 12:08:03,784] {manager.py:690} INFO - Searching for files in /opt/airflow/dags
[2024-06-06 12:08:03,789] {manager.py:693} INFO - There are 0 files in /opt/airflow/dags
[2024-06-06 12:13:04,520] {manager.py:690} INFO - Searching for files in /opt/airflow/dags
[2024-06-06 12:13:04,596] {manager.py:693} INFO - There are 0 files in /opt/airflow/dags
[2024-06-06 12:18:05,419] {manager.py:690} INFO - Searching for files in /opt/airflow/dags
[2024-06-06 12:18:05,423] {manager.py:693} INFO - There are 0 files in /opt/airflow/dags
[2024-06-06 12:23:06,211] {manager.py:690} INFO - Searching for files in /opt/airflow/dags
[2024-06-06 12:23:06,225] {manager.py:693} INFO - There are 0 files in /opt/airflow/dags
[2024-06-06 12:28:06,997] {manager.py:690} INFO - Searching for files in /opt/airflow/dags
[2024-06-06 12:28:07,011] {manager.py:693} INFO - There are 0 files in /opt/airflow/dags
[2024-06-06 12:33:07,797] {manager.py:690} INFO - Searching for files in /opt/airflow/dags
[2024-06-06 12:33:07,801] {manager.py:693} INFO - There are 0 files in /opt/airflow/dags
[2024-06-06 12:38:08,570] {manager.py:690} INFO - Searching for files in /opt/airflow/dags
[2024-06-06 12:38:08,576] {manager.py:693} INFO - There are 0 files in /opt/airflow/dags
[2024-06-06 12:43:09,348] {manager.py:690} INFO - Searching for files in /opt/airflow/dags
[2024-06-06 12:43:09,353] {manager.py:693} INFO - There are 0 files in /opt/airflow/dags
[2024-06-06 12:48:10,117] {manager.py:690} INFO - Searching for files in /opt/airflow/dags
[2024-06-06 12:48:10,124] {manager.py:693} INFO - There are 0 files in /opt/airflow/dags
[2024-06-06 12:53:10,883] {manager.py:690} INFO - Searching for files in /opt/airflow/dags
[2024-06-06 12:53:10,889] {manager.py:693} INFO - There are 0 files in /opt/airflow/dags
[2024-06-06 12:58:11,674] {manager.py:690} INFO - Searching for files in /opt/airflow/dags
[2024-06-06 12:58:11,678] {manager.py:693} INFO - There are 0 files in /opt/airflow/dags
[2024-06-06 13:03:12,518] {manager.py:690} INFO - Searching for files in /opt/airflow/dags
[2024-06-06 13:03:12,522] {manager.py:693} INFO - There are 0 files in /opt/airflow/dags
[2024-06-06 13:08:13,255] {manager.py:690} INFO - Searching for files in /opt/airflow/dags
[2024-06-06 13:08:13,315] {manager.py:693} INFO - There are 0 files in /opt/airflow/dags
[2024-06-06 13:13:14,063] {manager.py:690} INFO - Searching for files in /opt/airflow/dags
[2024-06-06 13:13:14,070] {manager.py:693} INFO - There are 0 files in /opt/airflow/dags
[2024-06-06 13:18:14,847] {manager.py:690} INFO - Searching for files in /opt/airflow/dags
[2024-06-06 13:18:14,855] {manager.py:693} INFO - There are 0 files in /opt/airflow/dags
[2024-06-06 13:23:15,626] {manager.py:690} INFO - Searching for files in /opt/airflow/dags
[2024-06-06 13:23:15,632] {manager.py:693} INFO - There are 0 files in /opt/airflow/dags
[2024-06-06 13:28:16,415] {manager.py:690} INFO - Searching for files in /opt/airflow/dags
[2024-06-06 13:28:16,421] {manager.py:693} INFO - There are 0 files in /opt/airflow/dags
[2024-06-06 13:33:17,213] {manager.py:690} INFO - Searching for files in /opt/airflow/dags
[2024-06-06 13:33:17,217] {manager.py:693} INFO - There are 0 files in /opt/airflow/dags
[2024-06-06 13:38:17,988] {manager.py:690} INFO - Searching for files in /opt/airflow/dags
[2024-06-06 13:38:18,008] {manager.py:693} INFO - There are 0 files in /opt/airflow/dags
[2024-06-06 13:43:18,801] {manager.py:690} INFO - Searching for files in /opt/airflow/dags
[2024-06-06 13:43:18,806] {manager.py:693} INFO - There are 0 files in /opt/airflow/dags
[2024-06-06 13:48:19,570] {manager.py:690} INFO - Searching for files in /opt/airflow/dags
[2024-06-06 13:48:19,583] {manager.py:693} INFO - There are 0 files in /opt/airflow/dags
[2024-06-06 13:53:20,356] {manager.py:690} INFO - Searching for files in /opt/airflow/dags
[2024-06-06 13:53:20,361] {manager.py:693} INFO - There are 0 files in /opt/airflow/dags
[2024-06-06 13:58:21,125] {manager.py:690} INFO - Searching for files in /opt/airflow/dags
[2024-06-06 13:58:21,173] {manager.py:693} INFO - There are 0 files in /opt/airflow/dags
[2024-06-06 14:03:22,091] {manager.py:690} INFO - Searching for files in /opt/airflow/dags
[2024-06-06 14:03:22,096] {manager.py:693} INFO - There are 0 files in /opt/airflow/dags
[2024-06-06 14:08:22,856] {manager.py:690} INFO - Searching for files in /opt/airflow/dags
[2024-06-06 14:08:22,860] {manager.py:693} INFO - There are 0 files in /opt/airflow/dags
[2024-06-06 14:13:23,642] {manager.py:690} INFO - Searching for files in /opt/airflow/dags
[2024-06-06 14:13:23,653] {manager.py:693} INFO - There are 0 files in /opt/airflow/dags
[2024-06-06 14:18:24,414] {manager.py:690} INFO - Searching for files in /opt/airflow/dags
[2024-06-06 14:18:24,421] {manager.py:693} INFO - There are 0 files in /opt/airflow/dags
[2024-06-06 14:23:25,223] {manager.py:690} INFO - Searching for files in /opt/airflow/dags
[2024-06-06 14:23:25,228] {manager.py:693} INFO - There are 0 files in /opt/airflow/dags
[2024-06-06 14:28:25,984] {manager.py:690} INFO - Searching for files in /opt/airflow/dags
[2024-06-06 14:28:25,989] {manager.py:693} INFO - There are 0 files in /opt/airflow/dags
[2024-06-06 14:33:26,761] {manager.py:690} INFO - Searching for files in /opt/airflow/dags
[2024-06-06 14:33:26,769] {manager.py:693} INFO - There are 0 files in /opt/airflow/dags
[2024-06-06 14:38:27,553] {manager.py:690} INFO - Searching for files in /opt/airflow/dags
[2024-06-06 14:38:27,559] {manager.py:693} INFO - There are 0 files in /opt/airflow/dags
[2024-06-06 14:43:28,331] {manager.py:690} INFO - Searching for files in /opt/airflow/dags
[2024-06-06 14:43:28,344] {manager.py:693} INFO - There are 0 files in /opt/airflow/dags
[2024-06-06 14:48:29,095] {manager.py:690} INFO - Searching for files in /opt/airflow/dags
[2024-06-06 14:48:29,196] {manager.py:693} INFO - There are 0 files in /opt/airflow/dags
[2024-06-06 14:53:29,963] {manager.py:690} INFO - Searching for files in /opt/airflow/dags
[2024-06-06 14:53:29,983] {manager.py:693} INFO - There are 0 files in /opt/airflow/dags
[2024-06-06 14:58:30,781] {manager.py:690} INFO - Searching for files in /opt/airflow/dags
[2024-06-06 14:58:30,786] {manager.py:693} INFO - There are 0 files in /opt/airflow/dags
[2024-06-06 15:03:31,527] {manager.py:690} INFO - Searching for files in /opt/airflow/dags
[2024-06-06 15:03:31,533] {manager.py:693} INFO - There are 0 files in /opt/airflow/dags
[2024-06-06 15:08:32,323] {manager.py:690} INFO - Searching for files in /opt/airflow/dags
[2024-06-06 15:08:32,327] {manager.py:693} INFO - There are 0 files in /opt/airflow/dags
[2024-06-06 15:13:33,091] {manager.py:690} INFO - Searching for files in /opt/airflow/dags
[2024-06-06 15:13:33,104] {manager.py:693} INFO - There are 0 files in /opt/airflow/dags
[2024-06-06 15:18:33,928] {manager.py:690} INFO - Searching for files in /opt/airflow/dags
[2024-06-06 15:18:33,933] {manager.py:693} INFO - There are 0 files in /opt/airflow/dags
[2024-06-06 15:23:34,699] {manager.py:690} INFO - Searching for files in /opt/airflow/dags
[2024-06-06 15:23:34,703] {manager.py:693} INFO - There are 0 files in /opt/airflow/dags
[2024-06-06 15:28:35,446] {manager.py:690} INFO - Searching for files in /opt/airflow/dags
[2024-06-06 15:28:35,452] {manager.py:693} INFO - There are 0 files in /opt/airflow/dags
[2024-06-06 15:33:36,185] {manager.py:690} INFO - Searching for files in /opt/airflow/dags
[2024-06-06 15:33:36,192] {manager.py:693} INFO - There are 0 files in /opt/airflow/dags
[2024-06-06 15:38:36,956] {manager.py:690} INFO - Searching for files in /opt/airflow/dags
[2024-06-06 15:38:36,969] {manager.py:693} INFO - There are 0 files in /opt/airflow/dags
[2024-06-06 15:43:37,785] {manager.py:690} INFO - Searching for files in /opt/airflow/dags
[2024-06-06 15:43:37,789] {manager.py:693} INFO - There are 0 files in /opt/airflow/dags
[2024-06-06 15:48:38,595] {manager.py:690} INFO - Searching for files in /opt/airflow/dags
[2024-06-06 15:48:38,602] {manager.py:693} INFO - There are 0 files in /opt/airflow/dags
[2024-06-06 15:57:35,776] {manager.py:690} INFO - Searching for files in /opt/airflow/dags
[2024-06-06 15:57:54,843] {manager.py:693} INFO - There are 0 files in /opt/airflow/dags
[2024-06-07 05:04:42,937] {manager.py:690} INFO - Searching for files in /opt/airflow/dags
[2024-06-07 05:04:53,714] {manager.py:693} INFO - There are 0 files in /opt/airflow/dags
[2024-06-07 05:09:43,046] {manager.py:690} INFO - Searching for files in /opt/airflow/dags
[2024-06-07 05:09:43,062] {manager.py:693} INFO - There are 0 files in /opt/airflow/dags
[2024-06-07 05:14:43,162] {manager.py:690} INFO - Searching for files in /opt/airflow/dags
[2024-06-07 05:14:43,167] {manager.py:693} INFO - There are 0 files in /opt/airflow/dags
[2024-06-07 05:19:43,368] {manager.py:690} INFO - Searching for files in /opt/airflow/dags
[2024-06-07 05:19:43,374] {manager.py:693} INFO - There are 0 files in /opt/airflow/dags
[2024-06-07 05:24:43,368] {manager.py:690} INFO - Searching for files in /opt/airflow/dags
[2024-06-07 05:24:43,385] {manager.py:693} INFO - There are 0 files in /opt/airflow/dags
[2024-06-07 05:29:43,655] {manager.py:690} INFO - Searching for files in /opt/airflow/dags
[2024-06-07 05:29:43,662] {manager.py:693} INFO - There are 0 files in /opt/airflow/dags
[2024-06-07 05:34:44,316] {manager.py:690} INFO - Searching for files in /opt/airflow/dags
[2024-06-07 05:34:44,321] {manager.py:693} INFO - There are 0 files in /opt/airflow/dags
[2024-06-07 05:39:45,036] {manager.py:690} INFO - Searching for files in /opt/airflow/dags
[2024-06-07 05:39:45,047] {manager.py:693} INFO - There are 0 files in /opt/airflow/dags
[2024-06-07 05:44:45,830] {manager.py:690} INFO - Searching for files in /opt/airflow/dags
[2024-06-07 05:44:45,835] {manager.py:693} INFO - There are 0 files in /opt/airflow/dags
[2024-06-07 05:49:46,640] {manager.py:690} INFO - Searching for files in /opt/airflow/dags
[2024-06-07 05:49:46,648] {manager.py:693} INFO - There are 0 files in /opt/airflow/dags
[2024-06-07 05:54:47,409] {manager.py:690} INFO - Searching for files in /opt/airflow/dags
[2024-06-07 05:54:47,429] {manager.py:693} INFO - There are 0 files in /opt/airflow/dags
[2024-06-07 05:59:48,253] {manager.py:690} INFO - Searching for files in /opt/airflow/dags
[2024-06-07 05:59:48,257] {manager.py:693} INFO - There are 0 files in /opt/airflow/dags
[2024-06-07 06:04:49,043] {manager.py:690} INFO - Searching for files in /opt/airflow/dags
[2024-06-07 06:04:49,049] {manager.py:693} INFO - There are 0 files in /opt/airflow/dags
[2024-06-07 06:09:49,837] {manager.py:690} INFO - Searching for files in /opt/airflow/dags
[2024-06-07 06:09:49,843] {manager.py:693} INFO - There are 0 files in /opt/airflow/dags
[2024-06-07 06:14:50,622] {manager.py:690} INFO - Searching for files in /opt/airflow/dags
[2024-06-07 06:14:50,627] {manager.py:693} INFO - There are 0 files in /opt/airflow/dags
[2024-06-07 06:19:51,423] {manager.py:690} INFO - Searching for files in /opt/airflow/dags
[2024-06-07 06:19:51,427] {manager.py:693} INFO - There are 0 files in /opt/airflow/dags
[2024-06-07 06:24:52,215] {manager.py:690} INFO - Searching for files in /opt/airflow/dags
[2024-06-07 06:24:52,219] {manager.py:693} INFO - There are 0 files in /opt/airflow/dags
[2024-06-07 06:29:53,001] {manager.py:690} INFO - Searching for files in /opt/airflow/dags
[2024-06-07 06:29:53,004] {manager.py:693} INFO - There are 0 files in /opt/airflow/dags
[2024-06-07 06:34:53,753] {manager.py:690} INFO - Searching for files in /opt/airflow/dags
[2024-06-07 06:34:53,760] {manager.py:693} INFO - There are 0 files in /opt/airflow/dags
[2024-06-07 06:39:54,647] {manager.py:690} INFO - Searching for files in /opt/airflow/dags
[2024-06-07 06:39:54,651] {manager.py:693} INFO - There are 0 files in /opt/airflow/dags
[2024-06-07 06:44:55,463] {manager.py:690} INFO - Searching for files in /opt/airflow/dags
[2024-06-07 06:44:55,470] {manager.py:693} INFO - There are 0 files in /opt/airflow/dags
[2024-06-07 06:49:56,278] {manager.py:690} INFO - Searching for files in /opt/airflow/dags
[2024-06-07 06:49:56,298] {manager.py:693} INFO - There are 0 files in /opt/airflow/dags
[2024-06-07 06:54:57,152] {manager.py:690} INFO - Searching for files in /opt/airflow/dags
[2024-06-07 06:54:57,253] {manager.py:693} INFO - There are 0 files in /opt/airflow/dags
[2024-06-07 06:59:58,016] {manager.py:690} INFO - Searching for files in /opt/airflow/dags
[2024-06-07 06:59:58,021] {manager.py:693} INFO - There are 0 files in /opt/airflow/dags
[2024-06-07 07:04:58,818] {manager.py:690} INFO - Searching for files in /opt/airflow/dags
[2024-06-07 07:04:58,821] {manager.py:693} INFO - There are 0 files in /opt/airflow/dags
[2024-06-07 07:09:59,656] {manager.py:690} INFO - Searching for files in /opt/airflow/dags
[2024-06-07 07:09:59,661] {manager.py:693} INFO - There are 0 files in /opt/airflow/dags
[2024-06-07 07:15:00,426] {manager.py:690} INFO - Searching for files in /opt/airflow/dags
[2024-06-07 07:15:00,432] {manager.py:693} INFO - There are 0 files in /opt/airflow/dags
[2024-06-07 07:20:01,208] {manager.py:690} INFO - Searching for files in /opt/airflow/dags
[2024-06-07 07:20:01,213] {manager.py:693} INFO - There are 0 files in /opt/airflow/dags
[2024-06-07 07:25:02,010] {manager.py:690} INFO - Searching for files in /opt/airflow/dags
[2024-06-07 07:25:02,218] {manager.py:693} INFO - There are 0 files in /opt/airflow/dags
[2024-06-07 07:30:02,079] {manager.py:690} INFO - Searching for files in /opt/airflow/dags
[2024-06-07 07:30:02,092] {manager.py:693} INFO - There are 0 files in /opt/airflow/dags
[2024-06-07 07:35:02,900] {manager.py:690} INFO - Searching for files in /opt/airflow/dags
[2024-06-07 07:35:02,911] {manager.py:693} INFO - There are 0 files in /opt/airflow/dags
[2024-06-07 07:40:03,743] {manager.py:690} INFO - Searching for files in /opt/airflow/dags
[2024-06-07 07:40:03,747] {manager.py:693} INFO - There are 0 files in /opt/airflow/dags
[2024-06-07 07:45:04,554] {manager.py:690} INFO - Searching for files in /opt/airflow/dags
[2024-06-07 07:45:04,560] {manager.py:693} INFO - There are 0 files in /opt/airflow/dags
[2024-06-07 07:50:05,339] {manager.py:690} INFO - Searching for files in /opt/airflow/dags
[2024-06-07 07:50:05,347] {manager.py:693} INFO - There are 0 files in /opt/airflow/dags
[2024-06-07 07:55:06,141] {manager.py:690} INFO - Searching for files in /opt/airflow/dags
[2024-06-07 07:55:06,148] {manager.py:693} INFO - There are 0 files in /opt/airflow/dags
[2024-06-07 08:00:06,991] {manager.py:690} INFO - Searching for files in /opt/airflow/dags
[2024-06-07 08:00:07,033] {manager.py:693} INFO - There are 0 files in /opt/airflow/dags
[2024-06-07 08:05:07,818] {manager.py:690} INFO - Searching for files in /opt/airflow/dags
[2024-06-07 08:05:07,833] {manager.py:693} INFO - There are 0 files in /opt/airflow/dags
[2024-06-07 08:10:08,630] {manager.py:690} INFO - Searching for files in /opt/airflow/dags
[2024-06-07 08:10:08,637] {manager.py:693} INFO - There are 0 files in /opt/airflow/dags
[2024-06-07 08:15:09,471] {manager.py:690} INFO - Searching for files in /opt/airflow/dags
[2024-06-07 08:15:09,481] {manager.py:693} INFO - There are 0 files in /opt/airflow/dags
[2024-06-07 08:20:10,278] {manager.py:690} INFO - Searching for files in /opt/airflow/dags
[2024-06-07 08:20:10,283] {manager.py:693} INFO - There are 0 files in /opt/airflow/dags
[2024-06-07 08:25:11,199] {manager.py:690} INFO - Searching for files in /opt/airflow/dags
[2024-06-07 08:25:11,203] {manager.py:693} INFO - There are 0 files in /opt/airflow/dags
[2024-06-07 08:30:12,002] {manager.py:690} INFO - Searching for files in /opt/airflow/dags
[2024-06-07 08:30:12,007] {manager.py:693} INFO - There are 0 files in /opt/airflow/dags
[2024-06-07 08:35:12,822] {manager.py:690} INFO - Searching for files in /opt/airflow/dags
[2024-06-07 08:35:12,831] {manager.py:693} INFO - There are 0 files in /opt/airflow/dags
[2024-06-07 08:40:13,683] {manager.py:690} INFO - Searching for files in /opt/airflow/dags
[2024-06-07 08:40:13,689] {manager.py:693} INFO - There are 0 files in /opt/airflow/dags
[2024-06-07 08:45:14,453] {manager.py:690} INFO - Searching for files in /opt/airflow/dags
[2024-06-07 08:45:14,460] {manager.py:693} INFO - There are 0 files in /opt/airflow/dags
[2024-06-07 08:50:15,269] {manager.py:690} INFO - Searching for files in /opt/airflow/dags
[2024-06-07 08:50:15,292] {manager.py:693} INFO - There are 0 files in /opt/airflow/dags
[2024-06-07 08:55:16,128] {manager.py:690} INFO - Searching for files in /opt/airflow/dags
[2024-06-07 08:55:16,137] {manager.py:693} INFO - There are 0 files in /opt/airflow/dags
[2024-06-07 09:00:16,954] {manager.py:690} INFO - Searching for files in /opt/airflow/dags
[2024-06-07 09:00:16,964] {manager.py:693} INFO - There are 0 files in /opt/airflow/dags
[2024-06-07 09:05:17,778] {manager.py:690} INFO - Searching for files in /opt/airflow/dags
[2024-06-07 09:05:17,790] {manager.py:693} INFO - There are 0 files in /opt/airflow/dags
[2024-06-07 09:10:18,588] {manager.py:690} INFO - Searching for files in /opt/airflow/dags
[2024-06-07 09:10:18,593] {manager.py:693} INFO - There are 0 files in /opt/airflow/dags
[2024-06-07 09:15:19,352] {manager.py:690} INFO - Searching for files in /opt/airflow/dags
[2024-06-07 09:15:19,360] {manager.py:693} INFO - There are 0 files in /opt/airflow/dags
[2024-06-07 09:20:20,130] {manager.py:690} INFO - Searching for files in /opt/airflow/dags
[2024-06-07 09:20:20,137] {manager.py:693} INFO - There are 0 files in /opt/airflow/dags
[2024-06-07 09:25:20,916] {manager.py:690} INFO - Searching for files in /opt/airflow/dags
[2024-06-07 09:25:20,923] {manager.py:693} INFO - There are 0 files in /opt/airflow/dags
[2024-06-07 09:30:21,763] {manager.py:690} INFO - Searching for files in /opt/airflow/dags
[2024-06-07 09:30:21,768] {manager.py:693} INFO - There are 0 files in /opt/airflow/dags
[2024-06-07 09:35:22,567] {manager.py:690} INFO - Searching for files in /opt/airflow/dags
[2024-06-07 09:35:22,703] {manager.py:693} INFO - There are 0 files in /opt/airflow/dags
[2024-06-07 09:40:23,528] {manager.py:690} INFO - Searching for files in /opt/airflow/dags
[2024-06-07 09:40:23,539] {manager.py:693} INFO - There are 0 files in /opt/airflow/dags
[2024-06-07 09:45:24,336] {manager.py:690} INFO - Searching for files in /opt/airflow/dags
[2024-06-07 09:45:24,340] {manager.py:693} INFO - There are 0 files in /opt/airflow/dags
[2024-06-07 09:50:25,135] {manager.py:690} INFO - Searching for files in /opt/airflow/dags
[2024-06-07 09:50:25,153] {manager.py:693} INFO - There are 0 files in /opt/airflow/dags
[2024-06-07 09:55:25,994] {manager.py:690} INFO - Searching for files in /opt/airflow/dags
[2024-06-07 09:55:25,999] {manager.py:693} INFO - There are 0 files in /opt/airflow/dags
[2024-06-07 10:00:26,767] {manager.py:690} INFO - Searching for files in /opt/airflow/dags
[2024-06-07 10:00:26,771] {manager.py:693} INFO - There are 0 files in /opt/airflow/dags
[2024-06-07 10:05:27,473] {manager.py:690} INFO - Searching for files in /opt/airflow/dags
[2024-06-07 10:05:27,484] {manager.py:693} INFO - There are 0 files in /opt/airflow/dags
[2024-06-07 10:10:28,324] {manager.py:690} INFO - Searching for files in /opt/airflow/dags
[2024-06-07 10:10:28,329] {manager.py:693} INFO - There are 0 files in /opt/airflow/dags
[2024-06-07 10:15:29,143] {manager.py:690} INFO - Searching for files in /opt/airflow/dags
[2024-06-07 10:15:29,147] {manager.py:693} INFO - There are 0 files in /opt/airflow/dags
[2024-06-07 10:20:29,940] {manager.py:690} INFO - Searching for files in /opt/airflow/dags
[2024-06-07 10:20:29,943] {manager.py:693} INFO - There are 0 files in /opt/airflow/dags
[2024-06-07 10:25:30,750] {manager.py:690} INFO - Searching for files in /opt/airflow/dags
[2024-06-07 10:25:30,755] {manager.py:693} INFO - There are 0 files in /opt/airflow/dags
[2024-06-07 11:30:39,895] {manager.py:690} INFO - Searching for files in /opt/airflow/dags
[2024-06-07 11:30:42,879] {manager.py:693} INFO - There are 0 files in /opt/airflow/dags
[2024-06-07 11:35:40,291] {manager.py:690} INFO - Searching for files in /opt/airflow/dags
[2024-06-07 11:35:40,296] {manager.py:693} INFO - There are 0 files in /opt/airflow/dags
[2024-06-07 11:40:41,072] {manager.py:690} INFO - Searching for files in /opt/airflow/dags
[2024-06-07 11:40:41,076] {manager.py:693} INFO - There are 0 files in /opt/airflow/dags
[2024-06-07 11:45:41,858] {manager.py:690} INFO - Searching for files in /opt/airflow/dags
[2024-06-07 11:45:41,863] {manager.py:693} INFO - There are 0 files in /opt/airflow/dags
[2024-06-07 11:50:42,641] {manager.py:690} INFO - Searching for files in /opt/airflow/dags
[2024-06-07 11:50:42,645] {manager.py:693} INFO - There are 0 files in /opt/airflow/dags
[2024-06-07 11:55:43,437] {manager.py:690} INFO - Searching for files in /opt/airflow/dags
[2024-06-07 11:55:43,531] {manager.py:693} INFO - There are 0 files in /opt/airflow/dags
[2024-06-07 12:00:44,265] {manager.py:690} INFO - Searching for files in /opt/airflow/dags
[2024-06-07 12:00:44,293] {manager.py:693} INFO - There are 0 files in /opt/airflow/dags
[2024-06-07 12:05:45,086] {manager.py:690} INFO - Searching for files in /opt/airflow/dags
[2024-06-07 12:05:45,092] {manager.py:693} INFO - There are 0 files in /opt/airflow/dags
[2024-06-07 12:10:45,853] {manager.py:690} INFO - Searching for files in /opt/airflow/dags
[2024-06-07 12:10:45,858] {manager.py:693} INFO - There are 0 files in /opt/airflow/dags
[2024-06-07 12:15:46,672] {manager.py:690} INFO - Searching for files in /opt/airflow/dags
[2024-06-07 12:15:46,676] {manager.py:693} INFO - There are 0 files in /opt/airflow/dags
[2024-06-07 12:20:47,506] {manager.py:690} INFO - Searching for files in /opt/airflow/dags
[2024-06-07 12:20:47,510] {manager.py:693} INFO - There are 0 files in /opt/airflow/dags
[2024-06-07 12:25:48,268] {manager.py:690} INFO - Searching for files in /opt/airflow/dags
[2024-06-07 12:25:48,279] {manager.py:693} INFO - There are 0 files in /opt/airflow/dags
[2024-06-07 12:30:49,052] {manager.py:690} INFO - Searching for files in /opt/airflow/dags
[2024-06-07 12:30:49,057] {manager.py:693} INFO - There are 0 files in /opt/airflow/dags
[2024-06-07 12:35:49,846] {manager.py:690} INFO - Searching for files in /opt/airflow/dags
[2024-06-07 12:35:49,853] {manager.py:693} INFO - There are 0 files in /opt/airflow/dags
[2024-06-07 12:40:50,601] {manager.py:690} INFO - Searching for files in /opt/airflow/dags
[2024-06-07 12:40:50,614] {manager.py:693} INFO - There are 0 files in /opt/airflow/dags
[2024-06-07 12:45:51,388] {manager.py:690} INFO - Searching for files in /opt/airflow/dags
[2024-06-07 12:45:51,395] {manager.py:693} INFO - There are 0 files in /opt/airflow/dags
[2024-06-07 12:50:52,152] {manager.py:690} INFO - Searching for files in /opt/airflow/dags
[2024-06-07 12:50:52,157] {manager.py:693} INFO - There are 0 files in /opt/airflow/dags
[2024-06-07 12:55:52,957] {manager.py:690} INFO - Searching for files in /opt/airflow/dags
[2024-06-07 12:55:52,962] {manager.py:693} INFO - There are 0 files in /opt/airflow/dags
[2024-06-07 13:00:53,758] {manager.py:690} INFO - Searching for files in /opt/airflow/dags
[2024-06-07 13:00:53,765] {manager.py:693} INFO - There are 0 files in /opt/airflow/dags
[2024-06-07 13:05:54,593] {manager.py:690} INFO - Searching for files in /opt/airflow/dags
[2024-06-07 13:05:54,600] {manager.py:693} INFO - There are 0 files in /opt/airflow/dags
[2024-06-07 13:10:55,368] {manager.py:690} INFO - Searching for files in /opt/airflow/dags
[2024-06-07 13:10:55,418] {manager.py:693} INFO - There are 0 files in /opt/airflow/dags
[2024-06-07 13:15:56,198] {manager.py:690} INFO - Searching for files in /opt/airflow/dags
[2024-06-07 13:15:56,202] {manager.py:693} INFO - There are 0 files in /opt/airflow/dags
[2024-06-07 13:20:56,991] {manager.py:690} INFO - Searching for files in /opt/airflow/dags
[2024-06-07 13:20:56,996] {manager.py:693} INFO - There are 0 files in /opt/airflow/dags
[2024-06-07 13:25:57,762] {manager.py:690} INFO - Searching for files in /opt/airflow/dags
[2024-06-07 13:25:57,782] {manager.py:693} INFO - There are 0 files in /opt/airflow/dags
[2024-06-07 13:30:58,548] {manager.py:690} INFO - Searching for files in /opt/airflow/dags
[2024-06-07 13:30:58,563] {manager.py:693} INFO - There are 0 files in /opt/airflow/dags
[2024-06-07 13:35:59,373] {manager.py:690} INFO - Searching for files in /opt/airflow/dags
[2024-06-07 13:35:59,377] {manager.py:693} INFO - There are 0 files in /opt/airflow/dags
[2024-06-07 13:41:00,142] {manager.py:690} INFO - Searching for files in /opt/airflow/dags
[2024-06-07 13:41:00,149] {manager.py:693} INFO - There are 0 files in /opt/airflow/dags
[2024-06-07 13:46:00,905] {manager.py:690} INFO - Searching for files in /opt/airflow/dags
[2024-06-07 13:46:00,911] {manager.py:693} INFO - There are 0 files in /opt/airflow/dags
[2024-06-07 13:51:01,691] {manager.py:690} INFO - Searching for files in /opt/airflow/dags
[2024-06-07 13:51:01,698] {manager.py:693} INFO - There are 0 files in /opt/airflow/dags
[2024-06-07 13:56:02,457] {manager.py:690} INFO - Searching for files in /opt/airflow/dags
[2024-06-07 13:56:02,460] {manager.py:693} INFO - There are 0 files in /opt/airflow/dags
[2024-06-07 14:01:03,233] {manager.py:690} INFO - Searching for files in /opt/airflow/dags
[2024-06-07 14:01:03,237] {manager.py:693} INFO - There are 0 files in /opt/airflow/dags
[2024-06-07 14:06:04,056] {manager.py:690} INFO - Searching for files in /opt/airflow/dags
[2024-06-07 14:06:04,062] {manager.py:693} INFO - There are 0 files in /opt/airflow/dags
[2024-06-07 14:11:04,859] {manager.py:690} INFO - Searching for files in /opt/airflow/dags
[2024-06-07 14:11:04,863] {manager.py:693} INFO - There are 0 files in /opt/airflow/dags
[2024-06-07 14:16:05,633] {manager.py:690} INFO - Searching for files in /opt/airflow/dags
[2024-06-07 14:16:05,638] {manager.py:693} INFO - There are 0 files in /opt/airflow/dags
[2024-06-07 14:21:06,466] {manager.py:690} INFO - Searching for files in /opt/airflow/dags
[2024-06-07 14:21:06,471] {manager.py:693} INFO - There are 0 files in /opt/airflow/dags
[2024-06-07 14:26:07,309] {manager.py:690} INFO - Searching for files in /opt/airflow/dags
[2024-06-07 14:26:07,314] {manager.py:693} INFO - There are 0 files in /opt/airflow/dags
[2024-06-07 14:31:08,107] {manager.py:690} INFO - Searching for files in /opt/airflow/dags
[2024-06-07 14:31:08,114] {manager.py:693} INFO - There are 0 files in /opt/airflow/dags
[2024-06-07 14:36:08,954] {manager.py:690} INFO - Searching for files in /opt/airflow/dags
[2024-06-07 14:36:08,961] {manager.py:693} INFO - There are 0 files in /opt/airflow/dags
[2024-06-07 14:41:09,740] {manager.py:690} INFO - Searching for files in /opt/airflow/dags
[2024-06-07 14:41:09,751] {manager.py:693} INFO - There are 0 files in /opt/airflow/dags
[2024-06-07 14:46:10,564] {manager.py:690} INFO - Searching for files in /opt/airflow/dags
[2024-06-07 14:46:10,574] {manager.py:693} INFO - There are 0 files in /opt/airflow/dags
[2024-06-07 14:51:11,396] {manager.py:690} INFO - Searching for files in /opt/airflow/dags
[2024-06-07 14:51:11,408] {manager.py:693} INFO - There are 0 files in /opt/airflow/dags
[2024-06-07 14:56:12,192] {manager.py:690} INFO - Searching for files in /opt/airflow/dags
[2024-06-07 14:56:12,201] {manager.py:693} INFO - There are 0 files in /opt/airflow/dags
[2024-06-07 15:01:13,080] {manager.py:690} INFO - Searching for files in /opt/airflow/dags
[2024-06-07 15:01:13,094] {manager.py:693} INFO - There are 0 files in /opt/airflow/dags
[2024-06-07 15:06:13,551] {manager.py:690} INFO - Searching for files in /opt/airflow/dags
[2024-06-07 15:06:13,561] {manager.py:693} INFO - There are 0 files in /opt/airflow/dags
[2024-06-07 15:11:14,359] {manager.py:690} INFO - Searching for files in /opt/airflow/dags
[2024-06-07 15:11:14,374] {manager.py:693} INFO - There are 0 files in /opt/airflow/dags
[2024-06-07 15:16:15,142] {manager.py:690} INFO - Searching for files in /opt/airflow/dags
[2024-06-07 15:16:15,147] {manager.py:693} INFO - There are 0 files in /opt/airflow/dags
[2024-06-07 15:21:15,920] {manager.py:690} INFO - Searching for files in /opt/airflow/dags
[2024-06-07 15:21:15,929] {manager.py:693} INFO - There are 0 files in /opt/airflow/dags
[2024-06-07 15:26:16,714] {manager.py:690} INFO - Searching for files in /opt/airflow/dags
[2024-06-07 15:26:16,722] {manager.py:693} INFO - There are 0 files in /opt/airflow/dags
[2024-06-07 15:31:17,518] {manager.py:690} INFO - Searching for files in /opt/airflow/dags
[2024-06-07 15:31:17,532] {manager.py:693} INFO - There are 0 files in /opt/airflow/dags
[2024-06-07 15:36:18,418] {manager.py:690} INFO - Searching for files in /opt/airflow/dags
[2024-06-07 15:36:18,424] {manager.py:693} INFO - There are 0 files in /opt/airflow/dags
[2024-06-07 15:41:19,219] {manager.py:690} INFO - Searching for files in /opt/airflow/dags
[2024-06-07 15:41:19,231] {manager.py:693} INFO - There are 0 files in /opt/airflow/dags
[2024-06-07 15:46:20,046] {manager.py:690} INFO - Searching for files in /opt/airflow/dags
[2024-06-07 15:46:20,049] {manager.py:693} INFO - There are 0 files in /opt/airflow/dags
[2024-06-07 15:51:20,806] {manager.py:690} INFO - Searching for files in /opt/airflow/dags
[2024-06-07 15:51:20,811] {manager.py:693} INFO - There are 0 files in /opt/airflow/dags
[2024-06-07 15:56:21,557] {manager.py:690} INFO - Searching for files in /opt/airflow/dags
[2024-06-07 15:56:21,570] {manager.py:693} INFO - There are 0 files in /opt/airflow/dags
[2024-06-07 16:01:22,100] {manager.py:690} INFO - Searching for files in /opt/airflow/dags
[2024-06-07 16:01:22,106] {manager.py:693} INFO - There are 0 files in /opt/airflow/dags
[2024-06-07 16:06:22,886] {manager.py:690} INFO - Searching for files in /opt/airflow/dags
[2024-06-07 16:06:22,891] {manager.py:693} INFO - There are 0 files in /opt/airflow/dags
[2024-06-07 16:11:23,781] {manager.py:690} INFO - Searching for files in /opt/airflow/dags
[2024-06-07 16:11:23,796] {manager.py:693} INFO - There are 0 files in /opt/airflow/dags
[2024-06-07 16:16:24,653] {manager.py:690} INFO - Searching for files in /opt/airflow/dags
[2024-06-07 16:16:24,659] {manager.py:693} INFO - There are 0 files in /opt/airflow/dags
[2024-06-07 16:21:25,185] {manager.py:690} INFO - Searching for files in /opt/airflow/dags
[2024-06-07 16:21:25,189] {manager.py:693} INFO - There are 0 files in /opt/airflow/dags
[2024-06-07 16:26:25,974] {manager.py:690} INFO - Searching for files in /opt/airflow/dags
[2024-06-07 16:26:25,980] {manager.py:693} INFO - There are 0 files in /opt/airflow/dags
[2024-06-07 16:31:26,553] {manager.py:690} INFO - Searching for files in /opt/airflow/dags
[2024-06-07 16:44:53,549] {manager.py:693} INFO - There are 0 files in /opt/airflow/dags
[2024-06-07 16:44:53,669] {manager.py:690} INFO - Searching for files in /opt/airflow/dags
[2024-06-07 16:44:55,009] {manager.py:693} INFO - There are 0 files in /opt/airflow/dags
[2024-06-08 06:25:27,912] {manager.py:690} INFO - Searching for files in /opt/airflow/dags
[2024-06-08 06:25:28,456] {manager.py:693} INFO - There are 0 files in /opt/airflow/dags
[2024-06-08 06:30:28,872] {manager.py:690} INFO - Searching for files in /opt/airflow/dags
[2024-06-08 06:30:28,876] {manager.py:693} INFO - There are 0 files in /opt/airflow/dags
[2024-06-08 06:35:29,417] {manager.py:690} INFO - Searching for files in /opt/airflow/dags
[2024-06-08 06:35:29,428] {manager.py:693} INFO - There are 0 files in /opt/airflow/dags
[2024-06-08 06:40:30,231] {manager.py:690} INFO - Searching for files in /opt/airflow/dags
[2024-06-08 06:40:30,244] {manager.py:693} INFO - There are 0 files in /opt/airflow/dags
[2024-06-08 06:45:30,384] {manager.py:690} INFO - Searching for files in /opt/airflow/dags
[2024-06-08 06:45:30,392] {manager.py:693} INFO - There are 0 files in /opt/airflow/dags
[2024-06-08 06:50:31,166] {manager.py:690} INFO - Searching for files in /opt/airflow/dags
[2024-06-08 06:50:31,171] {manager.py:693} INFO - There are 0 files in /opt/airflow/dags
[2024-06-08 06:55:31,963] {manager.py:690} INFO - Searching for files in /opt/airflow/dags
[2024-06-08 06:55:31,969] {manager.py:693} INFO - There are 0 files in /opt/airflow/dags
[2024-06-08 07:00:32,780] {manager.py:690} INFO - Searching for files in /opt/airflow/dags
[2024-06-08 07:00:32,786] {manager.py:693} INFO - There are 0 files in /opt/airflow/dags
[2024-06-08 07:05:33,643] {manager.py:690} INFO - Searching for files in /opt/airflow/dags
[2024-06-08 07:05:33,648] {manager.py:693} INFO - There are 0 files in /opt/airflow/dags
[2024-06-08 07:10:34,460] {manager.py:690} INFO - Searching for files in /opt/airflow/dags
[2024-06-08 07:10:34,477] {manager.py:693} INFO - There are 0 files in /opt/airflow/dags
[2024-06-08 07:15:35,297] {manager.py:690} INFO - Searching for files in /opt/airflow/dags
[2024-06-08 07:15:35,301] {manager.py:693} INFO - There are 0 files in /opt/airflow/dags
[2024-06-08 07:20:36,043] {manager.py:690} INFO - Searching for files in /opt/airflow/dags
[2024-06-08 07:20:36,050] {manager.py:693} INFO - There are 0 files in /opt/airflow/dags
[2024-06-08 07:25:36,839] {manager.py:690} INFO - Searching for files in /opt/airflow/dags
[2024-06-08 07:25:36,851] {manager.py:693} INFO - There are 0 files in /opt/airflow/dags
[2024-06-08 07:30:37,682] {manager.py:690} INFO - Searching for files in /opt/airflow/dags
[2024-06-08 07:30:37,956] {manager.py:693} INFO - There are 0 files in /opt/airflow/dags
[2024-06-08 07:35:37,982] {manager.py:690} INFO - Searching for files in /opt/airflow/dags
[2024-06-08 07:35:37,987] {manager.py:693} INFO - There are 0 files in /opt/airflow/dags
[2024-06-08 07:40:38,795] {manager.py:690} INFO - Searching for files in /opt/airflow/dags
[2024-06-08 07:40:38,808] {manager.py:693} INFO - There are 0 files in /opt/airflow/dags
[2024-06-08 07:45:39,592] {manager.py:690} INFO - Searching for files in /opt/airflow/dags
[2024-06-08 07:45:39,609] {manager.py:693} INFO - There are 0 files in /opt/airflow/dags
[2024-06-08 07:50:40,420] {manager.py:690} INFO - Searching for files in /opt/airflow/dags
[2024-06-08 07:50:40,435] {manager.py:693} INFO - There are 0 files in /opt/airflow/dags
[2024-06-08 07:55:41,239] {manager.py:690} INFO - Searching for files in /opt/airflow/dags
[2024-06-08 07:55:41,245] {manager.py:693} INFO - There are 0 files in /opt/airflow/dags
[2024-06-08 08:00:42,063] {manager.py:690} INFO - Searching for files in /opt/airflow/dags
[2024-06-08 08:00:42,067] {manager.py:693} INFO - There are 0 files in /opt/airflow/dags
[2024-06-08 08:10:43,195] {manager.py:690} INFO - Searching for files in /opt/airflow/dags
[2024-06-08 08:10:46,223] {manager.py:693} INFO - There are 0 files in /opt/airflow/dags
[2024-06-08 08:15:43,577] {manager.py:690} INFO - Searching for files in /opt/airflow/dags
[2024-06-08 08:15:43,581] {manager.py:693} INFO - There are 0 files in /opt/airflow/dags
[2024-06-08 08:20:44,328] {manager.py:690} INFO - Searching for files in /opt/airflow/dags
[2024-06-08 08:20:44,336] {manager.py:693} INFO - There are 0 files in /opt/airflow/dags
[2024-06-08 08:25:45,133] {manager.py:690} INFO - Searching for files in /opt/airflow/dags
[2024-06-08 08:25:45,138] {manager.py:693} INFO - There are 0 files in /opt/airflow/dags
[2024-06-08 08:30:45,981] {manager.py:690} INFO - Searching for files in /opt/airflow/dags
[2024-06-08 08:30:45,985] {manager.py:693} INFO - There are 0 files in /opt/airflow/dags
[2024-06-08 08:35:46,796] {manager.py:690} INFO - Searching for files in /opt/airflow/dags
[2024-06-08 08:35:46,802] {manager.py:693} INFO - There are 0 files in /opt/airflow/dags
[2024-06-08 08:40:47,575] {manager.py:690} INFO - Searching for files in /opt/airflow/dags
[2024-06-08 08:40:47,580] {manager.py:693} INFO - There are 0 files in /opt/airflow/dags
[2024-06-08 08:45:48,352] {manager.py:690} INFO - Searching for files in /opt/airflow/dags
[2024-06-08 08:45:48,362] {manager.py:693} INFO - There are 0 files in /opt/airflow/dags
[2024-06-08 08:50:49,179] {manager.py:690} INFO - Searching for files in /opt/airflow/dags
[2024-06-08 08:50:49,189] {manager.py:693} INFO - There are 0 files in /opt/airflow/dags
[2024-06-08 08:55:49,945] {manager.py:690} INFO - Searching for files in /opt/airflow/dags
[2024-06-08 08:55:49,949] {manager.py:693} INFO - There are 0 files in /opt/airflow/dags
[2024-06-08 09:00:50,718] {manager.py:690} INFO - Searching for files in /opt/airflow/dags
[2024-06-08 09:00:50,751] {manager.py:693} INFO - There are 0 files in /opt/airflow/dags
[2024-06-08 09:05:51,519] {manager.py:690} INFO - Searching for files in /opt/airflow/dags
[2024-06-08 09:05:51,533] {manager.py:693} INFO - There are 0 files in /opt/airflow/dags
[2024-06-08 09:10:52,389] {manager.py:690} INFO - Searching for files in /opt/airflow/dags
[2024-06-08 09:10:52,411] {manager.py:693} INFO - There are 0 files in /opt/airflow/dags
[2024-06-08 09:15:53,249] {manager.py:690} INFO - Searching for files in /opt/airflow/dags
[2024-06-08 09:15:53,289] {manager.py:693} INFO - There are 0 files in /opt/airflow/dags
[2024-06-08 09:20:54,073] {manager.py:690} INFO - Searching for files in /opt/airflow/dags
[2024-06-08 09:20:54,081] {manager.py:693} INFO - There are 0 files in /opt/airflow/dags
[2024-06-08 09:25:54,892] {manager.py:690} INFO - Searching for files in /opt/airflow/dags
[2024-06-08 09:25:54,898] {manager.py:693} INFO - There are 0 files in /opt/airflow/dags
[2024-06-08 09:30:55,714] {manager.py:690} INFO - Searching for files in /opt/airflow/dags
[2024-06-08 09:30:55,721] {manager.py:693} INFO - There are 0 files in /opt/airflow/dags
[2024-06-08 09:35:56,533] {manager.py:690} INFO - Searching for files in /opt/airflow/dags
[2024-06-08 09:35:56,564] {manager.py:693} INFO - There are 0 files in /opt/airflow/dags
[2024-06-08 09:40:57,409] {manager.py:690} INFO - Searching for files in /opt/airflow/dags
[2024-06-08 09:40:57,414] {manager.py:693} INFO - There are 0 files in /opt/airflow/dags
[2024-06-08 09:45:58,199] {manager.py:690} INFO - Searching for files in /opt/airflow/dags
[2024-06-08 09:45:58,207] {manager.py:693} INFO - There are 0 files in /opt/airflow/dags
[2024-06-08 09:50:58,979] {manager.py:690} INFO - Searching for files in /opt/airflow/dags
[2024-06-08 09:50:59,409] {manager.py:693} INFO - There are 0 files in /opt/airflow/dags
[2024-06-08 09:55:59,245] {manager.py:690} INFO - Searching for files in /opt/airflow/dags
[2024-06-08 09:55:59,272] {manager.py:693} INFO - There are 0 files in /opt/airflow/dags
[2024-06-08 10:01:00,059] {manager.py:690} INFO - Searching for files in /opt/airflow/dags
[2024-06-08 10:01:00,064] {manager.py:693} INFO - There are 0 files in /opt/airflow/dags
[2024-06-08 10:06:00,816] {manager.py:690} INFO - Searching for files in /opt/airflow/dags
[2024-06-08 10:06:00,824] {manager.py:693} INFO - There are 0 files in /opt/airflow/dags
[2024-06-08 10:11:01,662] {manager.py:690} INFO - Searching for files in /opt/airflow/dags
[2024-06-08 10:11:01,788] {manager.py:693} INFO - There are 0 files in /opt/airflow/dags
[2024-06-08 10:16:02,641] {manager.py:690} INFO - Searching for files in /opt/airflow/dags
[2024-06-08 10:16:02,661] {manager.py:693} INFO - There are 0 files in /opt/airflow/dags
[2024-06-08 10:21:03,604] {manager.py:690} INFO - Searching for files in /opt/airflow/dags
[2024-06-08 10:21:03,608] {manager.py:693} INFO - There are 0 files in /opt/airflow/dags
[2024-06-08 10:26:04,384] {manager.py:690} INFO - Searching for files in /opt/airflow/dags
[2024-06-08 10:26:04,388] {manager.py:693} INFO - There are 0 files in /opt/airflow/dags
[2024-06-08 10:31:05,171] {manager.py:690} INFO - Searching for files in /opt/airflow/dags
[2024-06-08 10:31:05,652] {manager.py:693} INFO - There are 0 files in /opt/airflow/dags
[2024-06-08 10:36:05,217] {manager.py:690} INFO - Searching for files in /opt/airflow/dags
[2024-06-08 10:36:05,222] {manager.py:693} INFO - There are 0 files in /opt/airflow/dags
[2024-06-08 13:34:29,089] {manager.py:690} INFO - Searching for files in /opt/airflow/dags
[2024-06-08 13:34:30,875] {manager.py:693} INFO - There are 0 files in /opt/airflow/dags
[2024-06-08 13:39:29,206] {manager.py:690} INFO - Searching for files in /opt/airflow/dags
[2024-06-08 13:39:29,500] {manager.py:693} INFO - There are 0 files in /opt/airflow/dags
[2024-06-08 13:44:29,273] {manager.py:690} INFO - Searching for files in /opt/airflow/dags
[2024-06-08 13:44:29,280] {manager.py:693} INFO - There are 0 files in /opt/airflow/dags
[2024-06-08 13:49:30,098] {manager.py:690} INFO - Searching for files in /opt/airflow/dags
[2024-06-08 13:49:30,102] {manager.py:693} INFO - There are 0 files in /opt/airflow/dags
[2024-06-08 13:54:30,880] {manager.py:690} INFO - Searching for files in /opt/airflow/dags
[2024-06-08 13:54:30,884] {manager.py:693} INFO - There are 0 files in /opt/airflow/dags
[2024-06-08 13:59:31,357] {manager.py:690} INFO - Searching for files in /opt/airflow/dags
[2024-06-08 13:59:31,370] {manager.py:693} INFO - There are 0 files in /opt/airflow/dags
[2024-06-08 14:04:32,188] {manager.py:690} INFO - Searching for files in /opt/airflow/dags
[2024-06-08 14:04:32,196] {manager.py:693} INFO - There are 0 files in /opt/airflow/dags
[2024-06-08 14:09:32,980] {manager.py:690} INFO - Searching for files in /opt/airflow/dags
[2024-06-08 14:09:32,984] {manager.py:693} INFO - There are 0 files in /opt/airflow/dags
[2024-06-08 14:14:33,764] {manager.py:690} INFO - Searching for files in /opt/airflow/dags
[2024-06-08 14:14:33,842] {manager.py:693} INFO - There are 0 files in /opt/airflow/dags
[2024-06-08 14:19:34,594] {manager.py:690} INFO - Searching for files in /opt/airflow/dags
[2024-06-08 14:19:34,603] {manager.py:693} INFO - There are 0 files in /opt/airflow/dags
[2024-06-08 14:24:35,395] {manager.py:690} INFO - Searching for files in /opt/airflow/dags
[2024-06-08 14:24:35,461] {manager.py:693} INFO - There are 0 files in /opt/airflow/dags
[2024-06-08 14:29:36,241] {manager.py:690} INFO - Searching for files in /opt/airflow/dags
[2024-06-08 14:29:36,249] {manager.py:693} INFO - There are 0 files in /opt/airflow/dags
[2024-06-08 14:34:37,017] {manager.py:690} INFO - Searching for files in /opt/airflow/dags
[2024-06-08 14:34:37,021] {manager.py:693} INFO - There are 0 files in /opt/airflow/dags
[2024-06-08 14:39:37,913] {manager.py:690} INFO - Searching for files in /opt/airflow/dags
[2024-06-08 14:39:37,919] {manager.py:693} INFO - There are 0 files in /opt/airflow/dags
[2024-06-08 14:52:33,843] {manager.py:690} INFO - Searching for files in /opt/airflow/dags
[2024-06-08 14:52:58,979] {manager.py:693} INFO - There are 0 files in /opt/airflow/dags
[2024-06-09 09:34:34,574] {manager.py:690} INFO - Searching for files in /opt/airflow/dags
[2024-06-09 09:34:36,262] {manager.py:693} INFO - There are 0 files in /opt/airflow/dags
[2024-06-09 09:39:34,917] {manager.py:690} INFO - Searching for files in /opt/airflow/dags
[2024-06-09 09:39:34,928] {manager.py:693} INFO - There are 0 files in /opt/airflow/dags
[2024-06-09 09:44:35,222] {manager.py:690} INFO - Searching for files in /opt/airflow/dags
[2024-06-09 09:44:35,229] {manager.py:693} INFO - There are 0 files in /opt/airflow/dags
[2024-06-09 09:49:36,089] {manager.py:690} INFO - Searching for files in /opt/airflow/dags
[2024-06-09 09:49:36,169] {manager.py:693} INFO - There are 0 files in /opt/airflow/dags
[2024-06-09 09:54:37,045] {manager.py:690} INFO - Searching for files in /opt/airflow/dags
[2024-06-09 09:54:37,054] {manager.py:693} INFO - There are 0 files in /opt/airflow/dags
[2024-06-09 09:59:37,810] {manager.py:690} INFO - Searching for files in /opt/airflow/dags
[2024-06-09 09:59:37,825] {manager.py:693} INFO - There are 0 files in /opt/airflow/dags
[2024-06-09 10:04:38,659] {manager.py:690} INFO - Searching for files in /opt/airflow/dags
[2024-06-09 10:04:38,663] {manager.py:693} INFO - There are 0 files in /opt/airflow/dags
[2024-06-09 10:09:39,476] {manager.py:690} INFO - Searching for files in /opt/airflow/dags
[2024-06-09 10:09:39,490] {manager.py:693} INFO - There are 0 files in /opt/airflow/dags
[2024-06-09 10:14:40,299] {manager.py:690} INFO - Searching for files in /opt/airflow/dags
[2024-06-09 10:14:40,305] {manager.py:693} INFO - There are 0 files in /opt/airflow/dags
[2024-06-09 10:19:41,091] {manager.py:690} INFO - Searching for files in /opt/airflow/dags
[2024-06-09 10:19:41,104] {manager.py:693} INFO - There are 0 files in /opt/airflow/dags
[2024-06-09 10:24:41,920] {manager.py:690} INFO - Searching for files in /opt/airflow/dags
[2024-06-09 10:24:41,924] {manager.py:693} INFO - There are 0 files in /opt/airflow/dags
[2024-06-09 10:29:42,706] {manager.py:690} INFO - Searching for files in /opt/airflow/dags
[2024-06-09 10:29:42,710] {manager.py:693} INFO - There are 0 files in /opt/airflow/dags
[2024-06-09 10:34:43,522] {manager.py:690} INFO - Searching for files in /opt/airflow/dags
[2024-06-09 10:34:44,090] {manager.py:693} INFO - There are 0 files in /opt/airflow/dags
[2024-06-09 10:39:43,919] {manager.py:690} INFO - Searching for files in /opt/airflow/dags
[2024-06-09 10:39:43,924] {manager.py:693} INFO - There are 0 files in /opt/airflow/dags
[2024-06-09 10:44:44,710] {manager.py:690} INFO - Searching for files in /opt/airflow/dags
[2024-06-09 10:44:44,714] {manager.py:693} INFO - There are 0 files in /opt/airflow/dags
[2024-06-09 10:49:45,496] {manager.py:690} INFO - Searching for files in /opt/airflow/dags
[2024-06-09 10:49:45,500] {manager.py:693} INFO - There are 0 files in /opt/airflow/dags
[2024-06-09 10:54:46,277] {manager.py:690} INFO - Searching for files in /opt/airflow/dags
[2024-06-09 10:54:46,281] {manager.py:693} INFO - There are 0 files in /opt/airflow/dags
[2024-06-09 10:59:47,090] {manager.py:690} INFO - Searching for files in /opt/airflow/dags
[2024-06-09 10:59:47,105] {manager.py:693} INFO - There are 0 files in /opt/airflow/dags
[2024-06-09 11:04:47,912] {manager.py:690} INFO - Searching for files in /opt/airflow/dags
[2024-06-09 11:04:47,918] {manager.py:693} INFO - There are 0 files in /opt/airflow/dags
[2024-06-09 11:09:48,732] {manager.py:690} INFO - Searching for files in /opt/airflow/dags
[2024-06-09 11:09:48,740] {manager.py:693} INFO - There are 0 files in /opt/airflow/dags
[2024-06-09 11:14:49,511] {manager.py:690} INFO - Searching for files in /opt/airflow/dags
[2024-06-09 11:14:49,519] {manager.py:693} INFO - There are 0 files in /opt/airflow/dags
[2024-06-09 11:19:50,322] {manager.py:690} INFO - Searching for files in /opt/airflow/dags
[2024-06-09 11:19:50,326] {manager.py:693} INFO - There are 0 files in /opt/airflow/dags
[2024-06-09 11:24:51,149] {manager.py:690} INFO - Searching for files in /opt/airflow/dags
[2024-06-09 11:24:51,153] {manager.py:693} INFO - There are 0 files in /opt/airflow/dags
[2024-06-09 11:29:51,946] {manager.py:690} INFO - Searching for files in /opt/airflow/dags
[2024-06-09 11:29:51,969] {manager.py:693} INFO - There are 0 files in /opt/airflow/dags
[2024-06-09 11:34:52,752] {manager.py:690} INFO - Searching for files in /opt/airflow/dags
[2024-06-09 11:34:52,763] {manager.py:693} INFO - There are 0 files in /opt/airflow/dags
[2024-06-09 11:39:53,585] {manager.py:690} INFO - Searching for files in /opt/airflow/dags
[2024-06-09 11:39:53,599] {manager.py:693} INFO - There are 0 files in /opt/airflow/dags
[2024-06-09 11:44:54,411] {manager.py:690} INFO - Searching for files in /opt/airflow/dags
[2024-06-09 11:44:54,416] {manager.py:693} INFO - There are 0 files in /opt/airflow/dags
[2024-06-09 11:49:55,178] {manager.py:690} INFO - Searching for files in /opt/airflow/dags
[2024-06-09 11:49:55,185] {manager.py:693} INFO - There are 0 files in /opt/airflow/dags
[2024-06-09 11:54:55,985] {manager.py:690} INFO - Searching for files in /opt/airflow/dags
[2024-06-09 11:54:55,993] {manager.py:693} INFO - There are 0 files in /opt/airflow/dags
[2024-06-09 11:59:56,830] {manager.py:690} INFO - Searching for files in /opt/airflow/dags
[2024-06-09 11:59:56,834] {manager.py:693} INFO - There are 0 files in /opt/airflow/dags
[2024-06-09 12:05:30,094] {manager.py:690} INFO - Searching for files in /opt/airflow/dags
[2024-06-09 12:05:31,552] {manager.py:693} INFO - There are 0 files in /opt/airflow/dags
[2024-06-09 12:10:30,610] {manager.py:690} INFO - Searching for files in /opt/airflow/dags
[2024-06-09 12:10:30,626] {manager.py:693} INFO - There are 0 files in /opt/airflow/dags
[2024-06-09 12:15:31,453] {manager.py:690} INFO - Searching for files in /opt/airflow/dags
[2024-06-09 12:15:31,463] {manager.py:693} INFO - There are 0 files in /opt/airflow/dags
[2024-06-09 12:20:32,202] {manager.py:690} INFO - Searching for files in /opt/airflow/dags
[2024-06-09 12:20:32,208] {manager.py:693} INFO - There are 0 files in /opt/airflow/dags
[2024-06-09 12:25:33,020] {manager.py:690} INFO - Searching for files in /opt/airflow/dags
[2024-06-09 12:25:33,027] {manager.py:693} INFO - There are 0 files in /opt/airflow/dags
[2024-06-09 12:30:33,814] {manager.py:690} INFO - Searching for files in /opt/airflow/dags
[2024-06-09 12:30:34,736] {manager.py:693} INFO - There are 0 files in /opt/airflow/dags
[2024-06-09 12:35:34,523] {manager.py:690} INFO - Searching for files in /opt/airflow/dags
[2024-06-09 12:35:34,529] {manager.py:693} INFO - There are 0 files in /opt/airflow/dags
[2024-06-09 12:40:35,371] {manager.py:690} INFO - Searching for files in /opt/airflow/dags
[2024-06-09 12:40:35,376] {manager.py:693} INFO - There are 0 files in /opt/airflow/dags
[2024-06-09 12:45:36,155] {manager.py:690} INFO - Searching for files in /opt/airflow/dags
[2024-06-09 12:45:36,160] {manager.py:693} INFO - There are 0 files in /opt/airflow/dags
[2024-06-09 12:50:36,965] {manager.py:690} INFO - Searching for files in /opt/airflow/dags
[2024-06-09 12:50:36,970] {manager.py:693} INFO - There are 0 files in /opt/airflow/dags
[2024-06-09 12:55:37,722] {manager.py:690} INFO - Searching for files in /opt/airflow/dags
[2024-06-09 12:55:37,729] {manager.py:693} INFO - There are 0 files in /opt/airflow/dags
[2024-06-09 13:00:38,492] {manager.py:690} INFO - Searching for files in /opt/airflow/dags
[2024-06-09 13:00:38,501] {manager.py:693} INFO - There are 0 files in /opt/airflow/dags
[2024-06-09 13:05:39,250] {manager.py:690} INFO - Searching for files in /opt/airflow/dags
[2024-06-09 13:05:39,263] {manager.py:693} INFO - There are 0 files in /opt/airflow/dags
[2024-06-09 13:10:40,066] {manager.py:690} INFO - Searching for files in /opt/airflow/dags
[2024-06-09 13:10:40,090] {manager.py:693} INFO - There are 0 files in /opt/airflow/dags
[2024-06-09 13:15:40,890] {manager.py:690} INFO - Searching for files in /opt/airflow/dags
[2024-06-09 13:15:40,896] {manager.py:693} INFO - There are 0 files in /opt/airflow/dags
[2024-06-09 13:20:41,736] {manager.py:690} INFO - Searching for files in /opt/airflow/dags
[2024-06-09 13:20:41,745] {manager.py:693} INFO - There are 0 files in /opt/airflow/dags
[2024-06-09 13:25:42,537] {manager.py:690} INFO - Searching for files in /opt/airflow/dags
[2024-06-09 13:25:42,551] {manager.py:693} INFO - There are 0 files in /opt/airflow/dags
[2024-06-09 13:30:43,354] {manager.py:690} INFO - Searching for files in /opt/airflow/dags
[2024-06-09 13:30:43,359] {manager.py:693} INFO - There are 0 files in /opt/airflow/dags
[2024-06-09 14:27:37,819] {manager.py:690} INFO - Searching for files in /opt/airflow/dags
[2024-06-09 14:27:54,834] {manager.py:693} INFO - There are 0 files in /opt/airflow/dags
[2024-06-09 20:25:26,067] {manager.py:690} INFO - Searching for files in /opt/airflow/dags
[2024-06-09 20:25:45,026] {manager.py:693} INFO - There are 0 files in /opt/airflow/dags
[2024-06-09 20:30:26,235] {manager.py:690} INFO - Searching for files in /opt/airflow/dags
[2024-06-09 20:30:26,250] {manager.py:693} INFO - There are 0 files in /opt/airflow/dags
[2024-06-09 20:44:36,583] {manager.py:690} INFO - Searching for files in /opt/airflow/dags
[2024-06-09 20:45:00,142] {manager.py:693} INFO - There are 0 files in /opt/airflow/dags
[2024-06-10 05:03:28,608] {manager.py:690} INFO - Searching for files in /opt/airflow/dags
[2024-06-10 05:03:31,083] {manager.py:693} INFO - There are 0 files in /opt/airflow/dags
[2024-06-10 05:08:29,053] {manager.py:690} INFO - Searching for files in /opt/airflow/dags
[2024-06-10 05:08:29,057] {manager.py:693} INFO - There are 0 files in /opt/airflow/dags
[2024-06-10 05:13:29,835] {manager.py:690} INFO - Searching for files in /opt/airflow/dags
[2024-06-10 05:13:29,843] {manager.py:693} INFO - There are 0 files in /opt/airflow/dags
[2024-06-10 05:18:30,629] {manager.py:690} INFO - Searching for files in /opt/airflow/dags
[2024-06-10 05:18:30,634] {manager.py:693} INFO - There are 0 files in /opt/airflow/dags
[2024-06-10 05:23:31,447] {manager.py:690} INFO - Searching for files in /opt/airflow/dags
[2024-06-10 05:23:31,475] {manager.py:693} INFO - There are 0 files in /opt/airflow/dags
[2024-06-10 05:28:32,275] {manager.py:690} INFO - Searching for files in /opt/airflow/dags
[2024-06-10 05:28:32,279] {manager.py:693} INFO - There are 0 files in /opt/airflow/dags
[2024-06-10 05:33:33,031] {manager.py:690} INFO - Searching for files in /opt/airflow/dags
[2024-06-10 05:33:33,040] {manager.py:693} INFO - There are 0 files in /opt/airflow/dags
[2024-06-10 05:38:33,866] {manager.py:690} INFO - Searching for files in /opt/airflow/dags
[2024-06-10 05:38:33,879] {manager.py:693} INFO - There are 0 files in /opt/airflow/dags
[2024-06-10 05:43:34,652] {manager.py:690} INFO - Searching for files in /opt/airflow/dags
[2024-06-10 05:43:34,666] {manager.py:693} INFO - There are 0 files in /opt/airflow/dags
[2024-06-10 05:48:35,483] {manager.py:690} INFO - Searching for files in /opt/airflow/dags
[2024-06-10 05:48:35,489] {manager.py:693} INFO - There are 0 files in /opt/airflow/dags
[2024-06-10 05:53:36,359] {manager.py:690} INFO - Searching for files in /opt/airflow/dags
[2024-06-10 05:53:36,365] {manager.py:693} INFO - There are 0 files in /opt/airflow/dags
[2024-06-10 05:58:37,167] {manager.py:690} INFO - Searching for files in /opt/airflow/dags
[2024-06-10 05:58:37,428] {manager.py:693} INFO - There are 0 files in /opt/airflow/dags
[2024-06-10 06:03:37,258] {manager.py:690} INFO - Searching for files in /opt/airflow/dags
[2024-06-10 06:03:37,266] {manager.py:693} INFO - There are 0 files in /opt/airflow/dags
[2024-06-10 06:08:38,066] {manager.py:690} INFO - Searching for files in /opt/airflow/dags
[2024-06-10 06:08:38,070] {manager.py:693} INFO - There are 0 files in /opt/airflow/dags
[2024-06-10 06:13:38,885] {manager.py:690} INFO - Searching for files in /opt/airflow/dags
[2024-06-10 06:13:38,902] {manager.py:693} INFO - There are 0 files in /opt/airflow/dags
[2024-06-10 06:18:39,675] {manager.py:690} INFO - Searching for files in /opt/airflow/dags
[2024-06-10 06:18:39,695] {manager.py:693} INFO - There are 0 files in /opt/airflow/dags
[2024-06-10 06:23:40,568] {manager.py:690} INFO - Searching for files in /opt/airflow/dags
[2024-06-10 06:23:40,579] {manager.py:693} INFO - There are 0 files in /opt/airflow/dags
[2024-06-10 06:28:41,382] {manager.py:690} INFO - Searching for files in /opt/airflow/dags
[2024-06-10 06:28:41,396] {manager.py:693} INFO - There are 0 files in /opt/airflow/dags
[2024-06-10 06:33:42,241] {manager.py:690} INFO - Searching for files in /opt/airflow/dags
[2024-06-10 06:33:42,253] {manager.py:693} INFO - There are 0 files in /opt/airflow/dags
[2024-06-10 06:38:43,084] {manager.py:690} INFO - Searching for files in /opt/airflow/dags
[2024-06-10 06:38:43,088] {manager.py:693} INFO - There are 0 files in /opt/airflow/dags
[2024-06-10 06:43:43,896] {manager.py:690} INFO - Searching for files in /opt/airflow/dags
[2024-06-10 06:43:43,902] {manager.py:693} INFO - There are 0 files in /opt/airflow/dags
[2024-06-10 06:48:44,693] {manager.py:690} INFO - Searching for files in /opt/airflow/dags
[2024-06-10 06:48:44,697] {manager.py:693} INFO - There are 0 files in /opt/airflow/dags
[2024-06-10 06:53:45,478] {manager.py:690} INFO - Searching for files in /opt/airflow/dags
[2024-06-10 06:53:45,483] {manager.py:693} INFO - There are 0 files in /opt/airflow/dags
[2024-06-10 06:58:46,250] {manager.py:690} INFO - Searching for files in /opt/airflow/dags
[2024-06-10 06:58:46,265] {manager.py:693} INFO - There are 0 files in /opt/airflow/dags
[2024-06-10 07:03:47,076] {manager.py:690} INFO - Searching for files in /opt/airflow/dags
[2024-06-10 07:03:47,080] {manager.py:693} INFO - There are 0 files in /opt/airflow/dags
[2024-06-10 07:08:47,859] {manager.py:690} INFO - Searching for files in /opt/airflow/dags
[2024-06-10 07:08:47,863] {manager.py:693} INFO - There are 0 files in /opt/airflow/dags
[2024-06-10 07:13:48,668] {manager.py:690} INFO - Searching for files in /opt/airflow/dags
[2024-06-10 07:13:48,672] {manager.py:693} INFO - There are 0 files in /opt/airflow/dags
[2024-06-10 07:18:49,445] {manager.py:690} INFO - Searching for files in /opt/airflow/dags
[2024-06-10 07:18:49,450] {manager.py:693} INFO - There are 0 files in /opt/airflow/dags
[2024-06-10 07:23:50,182] {manager.py:690} INFO - Searching for files in /opt/airflow/dags
[2024-06-10 07:23:50,186] {manager.py:693} INFO - There are 0 files in /opt/airflow/dags
[2024-06-10 07:28:50,947] {manager.py:690} INFO - Searching for files in /opt/airflow/dags
[2024-06-10 07:28:50,957] {manager.py:693} INFO - There are 0 files in /opt/airflow/dags
[2024-06-10 07:33:51,727] {manager.py:690} INFO - Searching for files in /opt/airflow/dags
[2024-06-10 07:33:51,734] {manager.py:693} INFO - There are 0 files in /opt/airflow/dags
[2024-06-10 07:38:52,528] {manager.py:690} INFO - Searching for files in /opt/airflow/dags
[2024-06-10 07:38:52,568] {manager.py:693} INFO - There are 0 files in /opt/airflow/dags
[2024-06-10 07:43:53,354] {manager.py:690} INFO - Searching for files in /opt/airflow/dags
[2024-06-10 07:43:53,362] {manager.py:693} INFO - There are 0 files in /opt/airflow/dags
[2024-06-10 07:48:54,196] {manager.py:690} INFO - Searching for files in /opt/airflow/dags
[2024-06-10 07:48:54,205] {manager.py:693} INFO - There are 0 files in /opt/airflow/dags
[2024-06-10 07:53:54,962] {manager.py:690} INFO - Searching for files in /opt/airflow/dags
[2024-06-10 07:53:54,966] {manager.py:693} INFO - There are 0 files in /opt/airflow/dags
[2024-06-10 07:58:55,708] {manager.py:690} INFO - Searching for files in /opt/airflow/dags
[2024-06-10 07:58:55,712] {manager.py:693} INFO - There are 0 files in /opt/airflow/dags
[2024-06-10 08:03:56,485] {manager.py:690} INFO - Searching for files in /opt/airflow/dags
[2024-06-10 08:03:56,490] {manager.py:693} INFO - There are 0 files in /opt/airflow/dags
[2024-06-10 08:08:57,242] {manager.py:690} INFO - Searching for files in /opt/airflow/dags
[2024-06-10 08:08:57,247] {manager.py:693} INFO - There are 0 files in /opt/airflow/dags
[2024-06-10 08:13:58,002] {manager.py:690} INFO - Searching for files in /opt/airflow/dags
[2024-06-10 08:13:58,012] {manager.py:693} INFO - There are 0 files in /opt/airflow/dags
[2024-06-10 08:18:58,789] {manager.py:690} INFO - Searching for files in /opt/airflow/dags
[2024-06-10 08:18:58,793] {manager.py:693} INFO - There are 0 files in /opt/airflow/dags
[2024-06-10 08:23:59,561] {manager.py:690} INFO - Searching for files in /opt/airflow/dags
[2024-06-10 08:23:59,665] {manager.py:693} INFO - There are 0 files in /opt/airflow/dags
[2024-06-10 08:29:00,450] {manager.py:690} INFO - Searching for files in /opt/airflow/dags
[2024-06-10 08:29:00,467] {manager.py:693} INFO - There are 0 files in /opt/airflow/dags
[2024-06-10 08:34:01,239] {manager.py:690} INFO - Searching for files in /opt/airflow/dags
[2024-06-10 08:34:01,248] {manager.py:693} INFO - There are 0 files in /opt/airflow/dags
[2024-06-10 08:39:02,046] {manager.py:690} INFO - Searching for files in /opt/airflow/dags
[2024-06-10 08:39:02,053] {manager.py:693} INFO - There are 0 files in /opt/airflow/dags
[2024-06-10 08:44:02,848] {manager.py:690} INFO - Searching for files in /opt/airflow/dags
[2024-06-10 08:44:02,857] {manager.py:693} INFO - There are 0 files in /opt/airflow/dags
[2024-06-10 08:49:03,661] {manager.py:690} INFO - Searching for files in /opt/airflow/dags
[2024-06-10 08:49:03,667] {manager.py:693} INFO - There are 0 files in /opt/airflow/dags
[2024-06-10 08:54:04,441] {manager.py:690} INFO - Searching for files in /opt/airflow/dags
[2024-06-10 08:54:04,446] {manager.py:693} INFO - There are 0 files in /opt/airflow/dags
[2024-06-10 08:59:05,222] {manager.py:690} INFO - Searching for files in /opt/airflow/dags
[2024-06-10 08:59:05,225] {manager.py:693} INFO - There are 0 files in /opt/airflow/dags
[2024-06-10 09:04:05,960] {manager.py:690} INFO - Searching for files in /opt/airflow/dags
[2024-06-10 09:04:05,964] {manager.py:693} INFO - There are 0 files in /opt/airflow/dags
[2024-06-10 09:09:06,716] {manager.py:690} INFO - Searching for files in /opt/airflow/dags
[2024-06-10 09:09:06,723] {manager.py:693} INFO - There are 0 files in /opt/airflow/dags
[2024-06-10 09:14:07,517] {manager.py:690} INFO - Searching for files in /opt/airflow/dags
[2024-06-10 09:14:07,522] {manager.py:693} INFO - There are 0 files in /opt/airflow/dags
[2024-06-10 09:19:08,305] {manager.py:690} INFO - Searching for files in /opt/airflow/dags
[2024-06-10 09:19:08,311] {manager.py:693} INFO - There are 0 files in /opt/airflow/dags
[2024-06-10 09:24:09,113] {manager.py:690} INFO - Searching for files in /opt/airflow/dags
[2024-06-10 09:24:09,118] {manager.py:693} INFO - There are 0 files in /opt/airflow/dags
[2024-06-10 09:29:09,911] {manager.py:690} INFO - Searching for files in /opt/airflow/dags
[2024-06-10 09:29:09,915] {manager.py:693} INFO - There are 0 files in /opt/airflow/dags
[2024-06-10 09:34:10,665] {manager.py:690} INFO - Searching for files in /opt/airflow/dags
[2024-06-10 09:34:10,672] {manager.py:693} INFO - There are 0 files in /opt/airflow/dags
[2024-06-10 09:39:11,449] {manager.py:690} INFO - Searching for files in /opt/airflow/dags
[2024-06-10 09:39:11,457] {manager.py:693} INFO - There are 0 files in /opt/airflow/dags
[2024-06-10 09:44:12,261] {manager.py:690} INFO - Searching for files in /opt/airflow/dags
[2024-06-10 09:44:12,273] {manager.py:693} INFO - There are 0 files in /opt/airflow/dags
[2024-06-10 09:49:13,045] {manager.py:690} INFO - Searching for files in /opt/airflow/dags
[2024-06-10 09:49:13,054] {manager.py:693} INFO - There are 0 files in /opt/airflow/dags
[2024-06-10 09:54:13,834] {manager.py:690} INFO - Searching for files in /opt/airflow/dags
[2024-06-10 09:54:13,841] {manager.py:693} INFO - There are 0 files in /opt/airflow/dags
[2024-06-10 09:59:14,612] {manager.py:690} INFO - Searching for files in /opt/airflow/dags
[2024-06-10 09:59:14,616] {manager.py:693} INFO - There are 0 files in /opt/airflow/dags
[2024-06-10 10:04:15,384] {manager.py:690} INFO - Searching for files in /opt/airflow/dags
[2024-06-10 10:04:15,391] {manager.py:693} INFO - There are 0 files in /opt/airflow/dags
[2024-06-10 11:41:21,077] {manager.py:690} INFO - Searching for files in /opt/airflow/dags
[2024-06-10 11:41:22,350] {manager.py:693} INFO - There are 0 files in /opt/airflow/dags
[2024-06-10 11:46:21,589] {manager.py:690} INFO - Searching for files in /opt/airflow/dags
[2024-06-10 11:46:21,595] {manager.py:693} INFO - There are 0 files in /opt/airflow/dags
[2024-06-10 11:51:22,372] {manager.py:690} INFO - Searching for files in /opt/airflow/dags
[2024-06-10 11:51:22,385] {manager.py:693} INFO - There are 0 files in /opt/airflow/dags
[2024-06-10 11:56:23,161] {manager.py:690} INFO - Searching for files in /opt/airflow/dags
[2024-06-10 11:56:23,166] {manager.py:693} INFO - There are 0 files in /opt/airflow/dags
[2024-06-10 12:01:23,970] {manager.py:690} INFO - Searching for files in /opt/airflow/dags
[2024-06-10 12:01:23,983] {manager.py:693} INFO - There are 0 files in /opt/airflow/dags
[2024-06-10 12:06:24,782] {manager.py:690} INFO - Searching for files in /opt/airflow/dags
[2024-06-10 12:06:24,792] {manager.py:693} INFO - There are 0 files in /opt/airflow/dags
[2024-06-10 12:11:25,596] {manager.py:690} INFO - Searching for files in /opt/airflow/dags
[2024-06-10 12:11:25,602] {manager.py:693} INFO - There are 0 files in /opt/airflow/dags
[2024-06-10 12:16:26,377] {manager.py:690} INFO - Searching for files in /opt/airflow/dags
[2024-06-10 12:16:26,383] {manager.py:693} INFO - There are 0 files in /opt/airflow/dags
[2024-06-10 12:21:27,108] {manager.py:690} INFO - Searching for files in /opt/airflow/dags
[2024-06-10 12:21:27,113] {manager.py:693} INFO - There are 0 files in /opt/airflow/dags
[2024-06-10 12:26:27,921] {manager.py:690} INFO - Searching for files in /opt/airflow/dags
[2024-06-10 12:26:27,943] {manager.py:693} INFO - There are 0 files in /opt/airflow/dags
[2024-06-10 12:31:28,801] {manager.py:690} INFO - Searching for files in /opt/airflow/dags
[2024-06-10 12:31:28,805] {manager.py:693} INFO - There are 0 files in /opt/airflow/dags
[2024-06-10 12:36:29,563] {manager.py:690} INFO - Searching for files in /opt/airflow/dags
[2024-06-10 12:36:29,570] {manager.py:693} INFO - There are 0 files in /opt/airflow/dags
[2024-06-10 12:41:30,363] {manager.py:690} INFO - Searching for files in /opt/airflow/dags
[2024-06-10 12:41:30,370] {manager.py:693} INFO - There are 0 files in /opt/airflow/dags
[2024-06-10 12:46:31,224] {manager.py:690} INFO - Searching for files in /opt/airflow/dags
[2024-06-10 12:46:31,694] {manager.py:693} INFO - There are 0 files in /opt/airflow/dags
[2024-06-10 12:51:31,690] {manager.py:690} INFO - Searching for files in /opt/airflow/dags
[2024-06-10 12:51:31,703] {manager.py:693} INFO - There are 0 files in /opt/airflow/dags
[2024-06-10 12:56:32,452] {manager.py:690} INFO - Searching for files in /opt/airflow/dags
[2024-06-10 12:56:32,465] {manager.py:693} INFO - There are 0 files in /opt/airflow/dags
[2024-06-10 13:01:33,260] {manager.py:690} INFO - Searching for files in /opt/airflow/dags
[2024-06-10 13:01:33,264] {manager.py:693} INFO - There are 0 files in /opt/airflow/dags
[2024-06-10 13:06:34,033] {manager.py:690} INFO - Searching for files in /opt/airflow/dags
[2024-06-10 13:06:34,038] {manager.py:693} INFO - There are 0 files in /opt/airflow/dags
[2024-06-10 13:11:34,801] {manager.py:690} INFO - Searching for files in /opt/airflow/dags
[2024-06-10 13:11:34,813] {manager.py:693} INFO - There are 0 files in /opt/airflow/dags
[2024-06-10 13:16:35,624] {manager.py:690} INFO - Searching for files in /opt/airflow/dags
[2024-06-10 13:16:35,634] {manager.py:693} INFO - There are 0 files in /opt/airflow/dags
[2024-06-10 13:21:36,408] {manager.py:690} INFO - Searching for files in /opt/airflow/dags
[2024-06-10 13:21:36,419] {manager.py:693} INFO - There are 0 files in /opt/airflow/dags
[2024-06-10 13:26:37,211] {manager.py:690} INFO - Searching for files in /opt/airflow/dags
[2024-06-10 13:26:37,216] {manager.py:693} INFO - There are 0 files in /opt/airflow/dags
[2024-06-10 13:31:37,995] {manager.py:690} INFO - Searching for files in /opt/airflow/dags
[2024-06-10 13:31:38,001] {manager.py:693} INFO - There are 0 files in /opt/airflow/dags
[2024-06-10 13:36:38,833] {manager.py:690} INFO - Searching for files in /opt/airflow/dags
[2024-06-10 13:36:38,837] {manager.py:693} INFO - There are 0 files in /opt/airflow/dags
[2024-06-10 13:41:39,638] {manager.py:690} INFO - Searching for files in /opt/airflow/dags
[2024-06-10 13:41:39,649] {manager.py:693} INFO - There are 0 files in /opt/airflow/dags
[2024-06-10 13:46:40,459] {manager.py:690} INFO - Searching for files in /opt/airflow/dags
[2024-06-10 13:46:40,474] {manager.py:693} INFO - There are 0 files in /opt/airflow/dags
[2024-06-10 13:51:41,293] {manager.py:690} INFO - Searching for files in /opt/airflow/dags
[2024-06-10 13:51:41,297] {manager.py:693} INFO - There are 0 files in /opt/airflow/dags
[2024-06-10 13:56:42,082] {manager.py:690} INFO - Searching for files in /opt/airflow/dags
[2024-06-10 13:56:42,086] {manager.py:693} INFO - There are 0 files in /opt/airflow/dags
[2024-06-10 14:01:42,896] {manager.py:690} INFO - Searching for files in /opt/airflow/dags
[2024-06-10 14:01:42,910] {manager.py:693} INFO - There are 0 files in /opt/airflow/dags
[2024-06-10 14:06:43,773] {manager.py:690} INFO - Searching for files in /opt/airflow/dags
[2024-06-10 14:06:43,779] {manager.py:693} INFO - There are 0 files in /opt/airflow/dags
[2024-06-10 14:11:44,582] {manager.py:690} INFO - Searching for files in /opt/airflow/dags
[2024-06-10 14:11:44,698] {manager.py:693} INFO - There are 0 files in /opt/airflow/dags
[2024-06-10 14:16:45,546] {manager.py:690} INFO - Searching for files in /opt/airflow/dags
[2024-06-10 14:16:45,552] {manager.py:693} INFO - There are 0 files in /opt/airflow/dags
[2024-06-10 14:21:46,401] {manager.py:690} INFO - Searching for files in /opt/airflow/dags
[2024-06-10 14:21:46,404] {manager.py:693} INFO - There are 0 files in /opt/airflow/dags
[2024-06-10 14:26:47,203] {manager.py:690} INFO - Searching for files in /opt/airflow/dags
[2024-06-10 14:26:47,218] {manager.py:693} INFO - There are 0 files in /opt/airflow/dags
[2024-06-10 14:31:48,043] {manager.py:690} INFO - Searching for files in /opt/airflow/dags
[2024-06-10 14:31:48,050] {manager.py:693} INFO - There are 0 files in /opt/airflow/dags
[2024-06-10 14:36:48,791] {manager.py:690} INFO - Searching for files in /opt/airflow/dags
[2024-06-10 14:36:48,796] {manager.py:693} INFO - There are 0 files in /opt/airflow/dags
[2024-06-10 14:41:49,555] {manager.py:690} INFO - Searching for files in /opt/airflow/dags
[2024-06-10 14:41:49,561] {manager.py:693} INFO - There are 0 files in /opt/airflow/dags
[2024-06-10 14:46:50,343] {manager.py:690} INFO - Searching for files in /opt/airflow/dags
[2024-06-10 14:46:50,348] {manager.py:693} INFO - There are 0 files in /opt/airflow/dags
[2024-06-10 14:51:51,118] {manager.py:690} INFO - Searching for files in /opt/airflow/dags
[2024-06-10 14:51:51,136] {manager.py:693} INFO - There are 0 files in /opt/airflow/dags
[2024-06-10 14:56:51,979] {manager.py:690} INFO - Searching for files in /opt/airflow/dags
[2024-06-10 14:56:51,985] {manager.py:693} INFO - There are 0 files in /opt/airflow/dags
[2024-06-10 15:01:52,854] {manager.py:690} INFO - Searching for files in /opt/airflow/dags
[2024-06-10 15:01:52,864] {manager.py:693} INFO - There are 0 files in /opt/airflow/dags
[2024-06-10 15:06:53,619] {manager.py:690} INFO - Searching for files in /opt/airflow/dags
[2024-06-10 15:06:53,625] {manager.py:693} INFO - There are 0 files in /opt/airflow/dags
[2024-06-10 15:11:54,418] {manager.py:690} INFO - Searching for files in /opt/airflow/dags
[2024-06-10 15:11:54,424] {manager.py:693} INFO - There are 0 files in /opt/airflow/dags
[2024-06-10 15:16:55,151] {manager.py:690} INFO - Searching for files in /opt/airflow/dags
[2024-06-10 15:16:55,164] {manager.py:693} INFO - There are 0 files in /opt/airflow/dags
[2024-06-10 15:21:56,006] {manager.py:690} INFO - Searching for files in /opt/airflow/dags
[2024-06-10 15:21:56,011] {manager.py:693} INFO - There are 0 files in /opt/airflow/dags
[2024-06-10 15:26:56,728] {manager.py:690} INFO - Searching for files in /opt/airflow/dags
[2024-06-10 15:26:56,733] {manager.py:693} INFO - There are 0 files in /opt/airflow/dags
[2024-06-10 15:53:39,988] {manager.py:690} INFO - Searching for files in /opt/airflow/dags
[2024-06-11 04:27:47,368] {manager.py:693} INFO - There are 0 files in /opt/airflow/dags
[2024-06-11 04:27:47,707] {manager.py:690} INFO - Searching for files in /opt/airflow/dags
[2024-06-11 04:27:48,530] {manager.py:693} INFO - There are 0 files in /opt/airflow/dags
[2024-06-11 04:32:47,906] {manager.py:690} INFO - Searching for files in /opt/airflow/dags
[2024-06-11 04:32:47,914] {manager.py:693} INFO - There are 0 files in /opt/airflow/dags
[2024-06-11 04:37:48,842] {manager.py:690} INFO - Searching for files in /opt/airflow/dags
[2024-06-11 04:37:48,847] {manager.py:693} INFO - There are 0 files in /opt/airflow/dags
[2024-06-11 04:42:49,629] {manager.py:690} INFO - Searching for files in /opt/airflow/dags
[2024-06-11 04:42:49,633] {manager.py:693} INFO - There are 0 files in /opt/airflow/dags
[2024-06-11 04:47:50,373] {manager.py:690} INFO - Searching for files in /opt/airflow/dags
[2024-06-11 04:47:50,377] {manager.py:693} INFO - There are 0 files in /opt/airflow/dags
[2024-06-11 04:52:51,110] {manager.py:690} INFO - Searching for files in /opt/airflow/dags
[2024-06-11 04:52:51,113] {manager.py:693} INFO - There are 0 files in /opt/airflow/dags
[2024-06-11 04:57:51,813] {manager.py:690} INFO - Searching for files in /opt/airflow/dags
[2024-06-11 04:57:51,818] {manager.py:693} INFO - There are 0 files in /opt/airflow/dags
[2024-06-11 05:02:52,548] {manager.py:690} INFO - Searching for files in /opt/airflow/dags
[2024-06-11 05:02:52,552] {manager.py:693} INFO - There are 0 files in /opt/airflow/dags
[2024-06-11 05:07:53,325] {manager.py:690} INFO - Searching for files in /opt/airflow/dags
[2024-06-11 05:07:53,330] {manager.py:693} INFO - There are 0 files in /opt/airflow/dags
[2024-06-11 05:12:54,110] {manager.py:690} INFO - Searching for files in /opt/airflow/dags
[2024-06-11 05:12:54,117] {manager.py:693} INFO - There are 0 files in /opt/airflow/dags
[2024-06-11 05:17:54,922] {manager.py:690} INFO - Searching for files in /opt/airflow/dags
[2024-06-11 05:17:54,931] {manager.py:693} INFO - There are 0 files in /opt/airflow/dags
[2024-06-11 05:22:55,707] {manager.py:690} INFO - Searching for files in /opt/airflow/dags
[2024-06-11 05:22:55,756] {manager.py:693} INFO - There are 0 files in /opt/airflow/dags
[2024-06-11 05:27:56,563] {manager.py:690} INFO - Searching for files in /opt/airflow/dags
[2024-06-11 05:27:56,571] {manager.py:693} INFO - There are 0 files in /opt/airflow/dags
[2024-06-11 05:32:57,369] {manager.py:690} INFO - Searching for files in /opt/airflow/dags
[2024-06-11 05:32:57,387] {manager.py:693} INFO - There are 0 files in /opt/airflow/dags
[2024-06-11 05:37:58,186] {manager.py:690} INFO - Searching for files in /opt/airflow/dags
[2024-06-11 05:37:58,190] {manager.py:693} INFO - There are 0 files in /opt/airflow/dags
[2024-06-11 05:42:58,953] {manager.py:690} INFO - Searching for files in /opt/airflow/dags
[2024-06-11 05:42:58,973] {manager.py:693} INFO - There are 0 files in /opt/airflow/dags
[2024-06-11 05:47:59,814] {manager.py:690} INFO - Searching for files in /opt/airflow/dags
[2024-06-11 05:47:59,820] {manager.py:693} INFO - There are 0 files in /opt/airflow/dags
[2024-06-11 05:53:00,582] {manager.py:690} INFO - Searching for files in /opt/airflow/dags
[2024-06-11 05:53:00,587] {manager.py:693} INFO - There are 0 files in /opt/airflow/dags
[2024-06-11 05:58:01,371] {manager.py:690} INFO - Searching for files in /opt/airflow/dags
[2024-06-11 05:58:01,377] {manager.py:693} INFO - There are 0 files in /opt/airflow/dags
[2024-06-11 06:03:02,232] {manager.py:690} INFO - Searching for files in /opt/airflow/dags
[2024-06-11 06:03:02,237] {manager.py:693} INFO - There are 0 files in /opt/airflow/dags
[2024-06-11 06:08:03,028] {manager.py:690} INFO - Searching for files in /opt/airflow/dags
[2024-06-11 06:08:03,386] {manager.py:693} INFO - There are 0 files in /opt/airflow/dags
[2024-06-11 06:13:03,156] {manager.py:690} INFO - Searching for files in /opt/airflow/dags
[2024-06-11 06:13:03,163] {manager.py:693} INFO - There are 0 files in /opt/airflow/dags
[2024-06-11 06:18:03,930] {manager.py:690} INFO - Searching for files in /opt/airflow/dags
[2024-06-11 06:18:03,942] {manager.py:693} INFO - There are 0 files in /opt/airflow/dags
[2024-06-11 06:23:04,755] {manager.py:690} INFO - Searching for files in /opt/airflow/dags
[2024-06-11 06:23:04,760] {manager.py:693} INFO - There are 0 files in /opt/airflow/dags
[2024-06-11 06:28:05,313] {manager.py:690} INFO - Searching for files in /opt/airflow/dags
[2024-06-11 06:28:05,355] {manager.py:693} INFO - There are 0 files in /opt/airflow/dags
[2024-06-11 06:33:06,174] {manager.py:690} INFO - Searching for files in /opt/airflow/dags
[2024-06-11 06:33:06,206] {manager.py:693} INFO - There are 0 files in /opt/airflow/dags
[2024-06-11 06:38:06,962] {manager.py:690} INFO - Searching for files in /opt/airflow/dags
[2024-06-11 06:38:06,969] {manager.py:693} INFO - There are 0 files in /opt/airflow/dags
[2024-06-11 06:43:07,734] {manager.py:690} INFO - Searching for files in /opt/airflow/dags
[2024-06-11 06:43:07,740] {manager.py:693} INFO - There are 0 files in /opt/airflow/dags
[2024-06-11 06:48:08,524] {manager.py:690} INFO - Searching for files in /opt/airflow/dags
[2024-06-11 06:48:08,530] {manager.py:693} INFO - There are 0 files in /opt/airflow/dags
[2024-06-11 06:53:09,298] {manager.py:690} INFO - Searching for files in /opt/airflow/dags
[2024-06-11 06:53:09,305] {manager.py:693} INFO - There are 0 files in /opt/airflow/dags
[2024-06-11 06:58:09,847] {manager.py:690} INFO - Searching for files in /opt/airflow/dags
[2024-06-11 06:58:09,853] {manager.py:693} INFO - There are 0 files in /opt/airflow/dags
[2024-06-11 07:03:10,638] {manager.py:690} INFO - Searching for files in /opt/airflow/dags
[2024-06-11 07:03:10,644] {manager.py:693} INFO - There are 0 files in /opt/airflow/dags
[2024-06-11 07:08:11,432] {manager.py:690} INFO - Searching for files in /opt/airflow/dags
[2024-06-11 07:08:11,436] {manager.py:693} INFO - There are 0 files in /opt/airflow/dags
[2024-06-11 07:13:12,219] {manager.py:690} INFO - Searching for files in /opt/airflow/dags
[2024-06-11 07:13:12,235] {manager.py:693} INFO - There are 0 files in /opt/airflow/dags
[2024-06-11 07:18:13,010] {manager.py:690} INFO - Searching for files in /opt/airflow/dags
[2024-06-11 07:18:13,016] {manager.py:693} INFO - There are 0 files in /opt/airflow/dags
[2024-06-11 07:23:13,802] {manager.py:690} INFO - Searching for files in /opt/airflow/dags
[2024-06-11 07:23:13,806] {manager.py:693} INFO - There are 0 files in /opt/airflow/dags
[2024-06-11 07:28:14,552] {manager.py:690} INFO - Searching for files in /opt/airflow/dags
[2024-06-11 07:28:14,556] {manager.py:693} INFO - There are 0 files in /opt/airflow/dags
[2024-06-11 07:33:15,349] {manager.py:690} INFO - Searching for files in /opt/airflow/dags
[2024-06-11 07:33:15,356] {manager.py:693} INFO - There are 0 files in /opt/airflow/dags
[2024-06-11 07:38:16,150] {manager.py:690} INFO - Searching for files in /opt/airflow/dags
[2024-06-11 07:38:16,157] {manager.py:693} INFO - There are 0 files in /opt/airflow/dags
[2024-06-11 07:43:16,943] {manager.py:690} INFO - Searching for files in /opt/airflow/dags
[2024-06-11 07:43:16,955] {manager.py:693} INFO - There are 0 files in /opt/airflow/dags
[2024-06-11 07:48:17,738] {manager.py:690} INFO - Searching for files in /opt/airflow/dags
[2024-06-11 07:48:17,746] {manager.py:693} INFO - There are 0 files in /opt/airflow/dags
[2024-06-11 07:53:18,538] {manager.py:690} INFO - Searching for files in /opt/airflow/dags
[2024-06-11 07:53:18,553] {manager.py:693} INFO - There are 0 files in /opt/airflow/dags
[2024-06-11 07:58:19,355] {manager.py:690} INFO - Searching for files in /opt/airflow/dags
[2024-06-11 07:58:19,365] {manager.py:693} INFO - There are 0 files in /opt/airflow/dags
[2024-06-11 08:03:20,174] {manager.py:690} INFO - Searching for files in /opt/airflow/dags
[2024-06-11 08:03:20,180] {manager.py:693} INFO - There are 0 files in /opt/airflow/dags
[2024-06-11 08:08:20,947] {manager.py:690} INFO - Searching for files in /opt/airflow/dags
[2024-06-11 08:08:20,952] {manager.py:693} INFO - There are 0 files in /opt/airflow/dags
[2024-06-11 08:13:21,713] {manager.py:690} INFO - Searching for files in /opt/airflow/dags
[2024-06-11 08:13:21,719] {manager.py:693} INFO - There are 0 files in /opt/airflow/dags
[2024-06-11 08:18:22,459] {manager.py:690} INFO - Searching for files in /opt/airflow/dags
[2024-06-11 08:18:22,464] {manager.py:693} INFO - There are 0 files in /opt/airflow/dags
[2024-06-11 08:23:23,207] {manager.py:690} INFO - Searching for files in /opt/airflow/dags
[2024-06-11 08:23:23,214] {manager.py:693} INFO - There are 0 files in /opt/airflow/dags
[2024-06-11 08:28:23,929] {manager.py:690} INFO - Searching for files in /opt/airflow/dags
[2024-06-11 08:28:23,933] {manager.py:693} INFO - There are 0 files in /opt/airflow/dags
[2024-06-11 08:33:24,707] {manager.py:690} INFO - Searching for files in /opt/airflow/dags
[2024-06-11 08:33:24,712] {manager.py:693} INFO - There are 0 files in /opt/airflow/dags
[2024-06-11 08:38:25,504] {manager.py:690} INFO - Searching for files in /opt/airflow/dags
[2024-06-11 08:38:25,596] {manager.py:693} INFO - There are 0 files in /opt/airflow/dags
[2024-06-11 08:43:26,403] {manager.py:690} INFO - Searching for files in /opt/airflow/dags
[2024-06-11 08:43:26,407] {manager.py:693} INFO - There are 0 files in /opt/airflow/dags
[2024-06-11 08:48:26,848] {manager.py:690} INFO - Searching for files in /opt/airflow/dags
[2024-06-11 08:48:26,856] {manager.py:693} INFO - There are 0 files in /opt/airflow/dags
[2024-06-11 08:53:27,616] {manager.py:690} INFO - Searching for files in /opt/airflow/dags
[2024-06-11 08:53:27,623] {manager.py:693} INFO - There are 0 files in /opt/airflow/dags
[2024-06-11 08:58:28,378] {manager.py:690} INFO - Searching for files in /opt/airflow/dags
[2024-06-11 08:58:28,382] {manager.py:693} INFO - There are 0 files in /opt/airflow/dags
[2024-06-11 09:03:29,193] {manager.py:690} INFO - Searching for files in /opt/airflow/dags
[2024-06-11 09:03:29,211] {manager.py:693} INFO - There are 0 files in /opt/airflow/dags
[2024-06-11 09:08:30,072] {manager.py:690} INFO - Searching for files in /opt/airflow/dags
[2024-06-11 09:08:30,077] {manager.py:693} INFO - There are 0 files in /opt/airflow/dags
[2024-06-11 09:13:30,924] {manager.py:690} INFO - Searching for files in /opt/airflow/dags
[2024-06-11 09:13:30,929] {manager.py:693} INFO - There are 0 files in /opt/airflow/dags
[2024-06-11 09:18:31,700] {manager.py:690} INFO - Searching for files in /opt/airflow/dags
[2024-06-11 09:18:31,707] {manager.py:693} INFO - There are 0 files in /opt/airflow/dags
[2024-06-11 09:23:32,474] {manager.py:690} INFO - Searching for files in /opt/airflow/dags
[2024-06-11 09:23:32,478] {manager.py:693} INFO - There are 0 files in /opt/airflow/dags
[2024-06-11 09:28:33,232] {manager.py:690} INFO - Searching for files in /opt/airflow/dags
[2024-06-11 09:28:33,247] {manager.py:693} INFO - There are 0 files in /opt/airflow/dags
[2024-06-11 09:33:34,088] {manager.py:690} INFO - Searching for files in /opt/airflow/dags
[2024-06-11 09:33:34,095] {manager.py:693} INFO - There are 0 files in /opt/airflow/dags
[2024-06-11 09:38:34,884] {manager.py:690} INFO - Searching for files in /opt/airflow/dags
[2024-06-11 09:38:34,888] {manager.py:693} INFO - There are 0 files in /opt/airflow/dags
[2024-06-11 09:43:35,667] {manager.py:690} INFO - Searching for files in /opt/airflow/dags
[2024-06-11 09:43:35,849] {manager.py:693} INFO - There are 0 files in /opt/airflow/dags
[2024-06-11 09:48:36,637] {manager.py:690} INFO - Searching for files in /opt/airflow/dags
[2024-06-11 09:48:36,648] {manager.py:693} INFO - There are 0 files in /opt/airflow/dags
[2024-06-11 09:53:37,423] {manager.py:690} INFO - Searching for files in /opt/airflow/dags
[2024-06-11 09:53:37,430] {manager.py:693} INFO - There are 0 files in /opt/airflow/dags
[2024-06-11 09:58:37,996] {manager.py:690} INFO - Searching for files in /opt/airflow/dags
[2024-06-11 09:58:38,012] {manager.py:693} INFO - There are 0 files in /opt/airflow/dags
[2024-06-11 10:03:38,972] {manager.py:690} INFO - Searching for files in /opt/airflow/dags
[2024-06-11 10:03:38,991] {manager.py:693} INFO - There are 0 files in /opt/airflow/dags
[2024-06-11 10:08:38,976] {manager.py:690} INFO - Searching for files in /opt/airflow/dags
[2024-06-11 10:08:38,980] {manager.py:693} INFO - There are 0 files in /opt/airflow/dags
[2024-06-11 10:56:09,227] {manager.py:690} INFO - Searching for files in /opt/airflow/dags
[2024-06-11 10:56:15,103] {manager.py:693} INFO - There are 0 files in /opt/airflow/dags
[2024-06-11 11:01:09,273] {manager.py:690} INFO - Searching for files in /opt/airflow/dags
[2024-06-11 11:01:09,282] {manager.py:693} INFO - There are 0 files in /opt/airflow/dags
[2024-06-11 11:06:09,907] {manager.py:690} INFO - Searching for files in /opt/airflow/dags
[2024-06-11 11:06:09,916] {manager.py:693} INFO - There are 0 files in /opt/airflow/dags
[2024-06-11 11:11:10,729] {manager.py:690} INFO - Searching for files in /opt/airflow/dags
[2024-06-11 11:11:10,738] {manager.py:693} INFO - There are 0 files in /opt/airflow/dags
[2024-06-11 11:16:11,517] {manager.py:690} INFO - Searching for files in /opt/airflow/dags
[2024-06-11 11:16:11,522] {manager.py:693} INFO - There are 0 files in /opt/airflow/dags
[2024-06-11 11:21:12,268] {manager.py:690} INFO - Searching for files in /opt/airflow/dags
[2024-06-11 11:21:12,279] {manager.py:693} INFO - There are 0 files in /opt/airflow/dags
[2024-06-11 11:26:13,082] {manager.py:690} INFO - Searching for files in /opt/airflow/dags
[2024-06-11 11:26:13,086] {manager.py:693} INFO - There are 0 files in /opt/airflow/dags
[2024-06-11 11:31:13,858] {manager.py:690} INFO - Searching for files in /opt/airflow/dags
[2024-06-11 11:31:13,871] {manager.py:693} INFO - There are 0 files in /opt/airflow/dags
[2024-06-11 11:36:14,765] {manager.py:690} INFO - Searching for files in /opt/airflow/dags
[2024-06-11 11:36:14,769] {manager.py:693} INFO - There are 0 files in /opt/airflow/dags
[2024-06-11 11:41:15,520] {manager.py:690} INFO - Searching for files in /opt/airflow/dags
[2024-06-11 11:41:15,550] {manager.py:693} INFO - There are 0 files in /opt/airflow/dags
[2024-06-11 11:46:16,357] {manager.py:690} INFO - Searching for files in /opt/airflow/dags
[2024-06-11 11:46:16,363] {manager.py:693} INFO - There are 0 files in /opt/airflow/dags
[2024-06-11 11:51:17,151] {manager.py:690} INFO - Searching for files in /opt/airflow/dags
[2024-06-11 11:51:17,156] {manager.py:693} INFO - There are 0 files in /opt/airflow/dags
[2024-06-11 11:56:17,907] {manager.py:690} INFO - Searching for files in /opt/airflow/dags
[2024-06-11 11:56:17,915] {manager.py:693} INFO - There are 0 files in /opt/airflow/dags
[2024-06-11 12:01:18,696] {manager.py:690} INFO - Searching for files in /opt/airflow/dags
[2024-06-11 12:01:18,702] {manager.py:693} INFO - There are 0 files in /opt/airflow/dags
[2024-06-11 12:06:19,497] {manager.py:690} INFO - Searching for files in /opt/airflow/dags
[2024-06-11 12:06:19,512] {manager.py:693} INFO - There are 0 files in /opt/airflow/dags
[2024-06-11 12:11:20,325] {manager.py:690} INFO - Searching for files in /opt/airflow/dags
[2024-06-11 12:11:20,329] {manager.py:693} INFO - There are 0 files in /opt/airflow/dags
[2024-06-11 12:16:21,157] {manager.py:690} INFO - Searching for files in /opt/airflow/dags
[2024-06-11 12:16:21,162] {manager.py:693} INFO - There are 0 files in /opt/airflow/dags
[2024-06-11 12:21:21,936] {manager.py:690} INFO - Searching for files in /opt/airflow/dags
[2024-06-11 12:21:21,943] {manager.py:693} INFO - There are 0 files in /opt/airflow/dags
[2024-06-11 12:26:22,672] {manager.py:690} INFO - Searching for files in /opt/airflow/dags
[2024-06-11 12:26:22,679] {manager.py:693} INFO - There are 0 files in /opt/airflow/dags
[2024-06-11 12:31:23,449] {manager.py:690} INFO - Searching for files in /opt/airflow/dags
[2024-06-11 12:31:23,454] {manager.py:693} INFO - There are 0 files in /opt/airflow/dags
[2024-06-11 12:36:24,210] {manager.py:690} INFO - Searching for files in /opt/airflow/dags
[2024-06-11 12:36:24,214] {manager.py:693} INFO - There are 0 files in /opt/airflow/dags
[2024-06-11 12:41:24,976] {manager.py:690} INFO - Searching for files in /opt/airflow/dags
[2024-06-11 12:41:24,981] {manager.py:693} INFO - There are 0 files in /opt/airflow/dags
[2024-06-11 12:46:25,733] {manager.py:690} INFO - Searching for files in /opt/airflow/dags
[2024-06-11 12:46:25,739] {manager.py:693} INFO - There are 0 files in /opt/airflow/dags
[2024-06-11 12:51:26,475] {manager.py:690} INFO - Searching for files in /opt/airflow/dags
[2024-06-11 12:51:26,483] {manager.py:693} INFO - There are 0 files in /opt/airflow/dags
[2024-06-11 12:56:27,271] {manager.py:690} INFO - Searching for files in /opt/airflow/dags
[2024-06-11 12:56:27,276] {manager.py:693} INFO - There are 0 files in /opt/airflow/dags
[2024-06-11 13:01:28,021] {manager.py:690} INFO - Searching for files in /opt/airflow/dags
[2024-06-11 13:01:28,027] {manager.py:693} INFO - There are 0 files in /opt/airflow/dags
[2024-06-11 13:06:28,774] {manager.py:690} INFO - Searching for files in /opt/airflow/dags
[2024-06-11 13:06:28,781] {manager.py:693} INFO - There are 0 files in /opt/airflow/dags
[2024-06-11 18:54:30,407] {manager.py:690} INFO - Searching for files in /opt/airflow/dags
[2024-06-11 18:54:39,304] {manager.py:693} INFO - There are 0 files in /opt/airflow/dags
[2024-06-11 18:59:30,674] {manager.py:690} INFO - Searching for files in /opt/airflow/dags
[2024-06-11 18:59:30,688] {manager.py:693} INFO - There are 0 files in /opt/airflow/dags
[2024-06-11 19:04:31,522] {manager.py:690} INFO - Searching for files in /opt/airflow/dags
[2024-06-11 19:04:31,527] {manager.py:693} INFO - There are 0 files in /opt/airflow/dags
[2024-06-11 19:09:32,372] {manager.py:690} INFO - Searching for files in /opt/airflow/dags
[2024-06-11 19:09:32,376] {manager.py:693} INFO - There are 0 files in /opt/airflow/dags
[2024-06-11 19:14:33,157] {manager.py:690} INFO - Searching for files in /opt/airflow/dags
[2024-06-11 19:14:33,162] {manager.py:693} INFO - There are 0 files in /opt/airflow/dags
[2024-06-11 19:19:33,975] {manager.py:690} INFO - Searching for files in /opt/airflow/dags
[2024-06-11 19:19:33,981] {manager.py:693} INFO - There are 0 files in /opt/airflow/dags
[2024-06-11 19:24:34,756] {manager.py:690} INFO - Searching for files in /opt/airflow/dags
[2024-06-11 19:24:34,763] {manager.py:693} INFO - There are 0 files in /opt/airflow/dags
[2024-06-12 10:52:03,736] {manager.py:690} INFO - Searching for files in /opt/airflow/dags
[2024-06-12 10:52:14,890] {manager.py:693} INFO - There are 0 files in /opt/airflow/dags
[2024-06-12 10:57:04,595] {manager.py:690} INFO - Searching for files in /opt/airflow/dags
[2024-06-12 10:57:04,600] {manager.py:693} INFO - There are 0 files in /opt/airflow/dags
[2024-06-12 11:02:05,406] {manager.py:690} INFO - Searching for files in /opt/airflow/dags
[2024-06-12 11:02:05,410] {manager.py:693} INFO - There are 0 files in /opt/airflow/dags
[2024-06-12 11:07:06,181] {manager.py:690} INFO - Searching for files in /opt/airflow/dags
[2024-06-12 11:07:06,186] {manager.py:693} INFO - There are 0 files in /opt/airflow/dags
[2024-06-12 11:12:07,009] {manager.py:690} INFO - Searching for files in /opt/airflow/dags
[2024-06-12 11:12:07,018] {manager.py:693} INFO - There are 0 files in /opt/airflow/dags
[2024-06-12 11:17:07,815] {manager.py:690} INFO - Searching for files in /opt/airflow/dags
[2024-06-12 11:17:07,821] {manager.py:693} INFO - There are 0 files in /opt/airflow/dags
[2024-06-12 11:22:08,546] {manager.py:690} INFO - Searching for files in /opt/airflow/dags
[2024-06-12 11:22:08,550] {manager.py:693} INFO - There are 0 files in /opt/airflow/dags
[2024-06-12 11:27:09,356] {manager.py:690} INFO - Searching for files in /opt/airflow/dags
[2024-06-12 11:27:09,361] {manager.py:693} INFO - There are 0 files in /opt/airflow/dags
[2024-06-12 11:32:10,132] {manager.py:690} INFO - Searching for files in /opt/airflow/dags
[2024-06-12 11:32:10,138] {manager.py:693} INFO - There are 0 files in /opt/airflow/dags
[2024-06-12 11:37:10,946] {manager.py:690} INFO - Searching for files in /opt/airflow/dags
[2024-06-12 11:37:10,983] {manager.py:693} INFO - There are 0 files in /opt/airflow/dags
[2024-06-12 11:42:11,757] {manager.py:690} INFO - Searching for files in /opt/airflow/dags
[2024-06-12 11:42:11,761] {manager.py:693} INFO - There are 0 files in /opt/airflow/dags
[2024-06-12 11:47:12,546] {manager.py:690} INFO - Searching for files in /opt/airflow/dags
[2024-06-12 11:47:12,561] {manager.py:693} INFO - There are 0 files in /opt/airflow/dags
[2024-06-12 11:52:13,327] {manager.py:690} INFO - Searching for files in /opt/airflow/dags
[2024-06-12 11:52:13,333] {manager.py:693} INFO - There are 0 files in /opt/airflow/dags
[2024-06-12 11:57:14,144] {manager.py:690} INFO - Searching for files in /opt/airflow/dags
[2024-06-12 11:57:14,149] {manager.py:693} INFO - There are 0 files in /opt/airflow/dags
[2024-06-12 12:02:14,922] {manager.py:690} INFO - Searching for files in /opt/airflow/dags
[2024-06-12 12:02:14,926] {manager.py:693} INFO - There are 0 files in /opt/airflow/dags
[2024-06-12 12:07:15,760] {manager.py:690} INFO - Searching for files in /opt/airflow/dags
[2024-06-12 12:07:15,765] {manager.py:693} INFO - There are 0 files in /opt/airflow/dags
[2024-06-12 12:12:16,598] {manager.py:690} INFO - Searching for files in /opt/airflow/dags
[2024-06-12 12:12:16,603] {manager.py:693} INFO - There are 0 files in /opt/airflow/dags
[2024-06-12 12:17:17,350] {manager.py:690} INFO - Searching for files in /opt/airflow/dags
[2024-06-12 12:17:17,354] {manager.py:693} INFO - There are 0 files in /opt/airflow/dags
[2024-06-12 12:22:18,154] {manager.py:690} INFO - Searching for files in /opt/airflow/dags
[2024-06-12 12:22:18,165] {manager.py:693} INFO - There are 0 files in /opt/airflow/dags
[2024-06-12 12:27:18,984] {manager.py:690} INFO - Searching for files in /opt/airflow/dags
[2024-06-12 12:27:18,988] {manager.py:693} INFO - There are 0 files in /opt/airflow/dags
[2024-06-12 12:32:19,776] {manager.py:690} INFO - Searching for files in /opt/airflow/dags
[2024-06-12 12:32:19,789] {manager.py:693} INFO - There are 0 files in /opt/airflow/dags
[2024-06-12 12:37:20,569] {manager.py:690} INFO - Searching for files in /opt/airflow/dags
[2024-06-12 12:37:20,574] {manager.py:693} INFO - There are 0 files in /opt/airflow/dags
[2024-06-12 12:42:21,395] {manager.py:690} INFO - Searching for files in /opt/airflow/dags
[2024-06-12 12:42:21,399] {manager.py:693} INFO - There are 0 files in /opt/airflow/dags
[2024-06-12 12:47:22,219] {manager.py:690} INFO - Searching for files in /opt/airflow/dags
[2024-06-12 12:47:22,234] {manager.py:693} INFO - There are 0 files in /opt/airflow/dags
[2024-06-12 12:52:23,093] {manager.py:690} INFO - Searching for files in /opt/airflow/dags
[2024-06-12 12:52:23,113] {manager.py:693} INFO - There are 0 files in /opt/airflow/dags
[2024-06-12 13:03:08,986] {manager.py:690} INFO - Searching for files in /opt/airflow/dags
[2024-06-12 13:03:12,017] {manager.py:693} INFO - There are 0 files in /opt/airflow/dags
[2024-06-12 13:08:09,565] {manager.py:690} INFO - Searching for files in /opt/airflow/dags
[2024-06-12 13:08:09,818] {manager.py:693} INFO - There are 0 files in /opt/airflow/dags
[2024-06-12 13:13:09,618] {manager.py:690} INFO - Searching for files in /opt/airflow/dags
[2024-06-12 13:13:09,623] {manager.py:693} INFO - There are 0 files in /opt/airflow/dags
[2024-06-12 13:18:10,619] {manager.py:690} INFO - Searching for files in /opt/airflow/dags
[2024-06-12 13:18:10,626] {manager.py:693} INFO - There are 0 files in /opt/airflow/dags
[2024-06-12 13:23:11,588] {manager.py:690} INFO - Searching for files in /opt/airflow/dags
[2024-06-12 13:23:11,592] {manager.py:693} INFO - There are 0 files in /opt/airflow/dags
[2024-06-12 13:28:12,552] {manager.py:690} INFO - Searching for files in /opt/airflow/dags
[2024-06-12 13:28:12,591] {manager.py:693} INFO - There are 0 files in /opt/airflow/dags
[2024-06-12 13:33:13,449] {manager.py:690} INFO - Searching for files in /opt/airflow/dags
[2024-06-12 13:33:13,454] {manager.py:693} INFO - There are 0 files in /opt/airflow/dags
[2024-06-12 13:38:14,278] {manager.py:690} INFO - Searching for files in /opt/airflow/dags
[2024-06-12 13:38:14,282] {manager.py:693} INFO - There are 0 files in /opt/airflow/dags
[2024-06-12 13:43:15,057] {manager.py:690} INFO - Searching for files in /opt/airflow/dags
[2024-06-12 13:43:15,062] {manager.py:693} INFO - There are 0 files in /opt/airflow/dags
[2024-06-12 13:48:15,829] {manager.py:690} INFO - Searching for files in /opt/airflow/dags
[2024-06-12 13:48:15,834] {manager.py:693} INFO - There are 0 files in /opt/airflow/dags
[2024-06-12 13:53:16,753] {manager.py:690} INFO - Searching for files in /opt/airflow/dags
[2024-06-12 13:53:16,756] {manager.py:693} INFO - There are 0 files in /opt/airflow/dags
[2024-06-12 13:58:17,547] {manager.py:690} INFO - Searching for files in /opt/airflow/dags
[2024-06-12 13:58:17,553] {manager.py:693} INFO - There are 0 files in /opt/airflow/dags
[2024-06-12 14:03:18,365] {manager.py:690} INFO - Searching for files in /opt/airflow/dags
[2024-06-12 14:03:18,373] {manager.py:693} INFO - There are 0 files in /opt/airflow/dags
[2024-06-12 14:08:19,157] {manager.py:690} INFO - Searching for files in /opt/airflow/dags
[2024-06-12 14:08:19,202] {manager.py:693} INFO - There are 0 files in /opt/airflow/dags
[2024-06-12 14:13:19,979] {manager.py:690} INFO - Searching for files in /opt/airflow/dags
[2024-06-12 14:13:19,985] {manager.py:693} INFO - There are 0 files in /opt/airflow/dags
[2024-06-13 04:56:19,756] {manager.py:690} INFO - Searching for files in /opt/airflow/dags
[2024-06-13 04:56:25,021] {manager.py:693} INFO - There are 0 files in /opt/airflow/dags
[2024-06-13 05:01:20,040] {manager.py:690} INFO - Searching for files in /opt/airflow/dags
[2024-06-13 05:01:20,268] {manager.py:693} INFO - There are 0 files in /opt/airflow/dags
[2024-06-13 05:06:20,153] {manager.py:690} INFO - Searching for files in /opt/airflow/dags
[2024-06-13 05:06:20,159] {manager.py:693} INFO - There are 0 files in /opt/airflow/dags
[2024-06-13 05:11:20,941] {manager.py:690} INFO - Searching for files in /opt/airflow/dags
[2024-06-13 05:11:20,945] {manager.py:693} INFO - There are 0 files in /opt/airflow/dags
[2024-06-13 05:16:21,696] {manager.py:690} INFO - Searching for files in /opt/airflow/dags
[2024-06-13 05:16:21,703] {manager.py:693} INFO - There are 0 files in /opt/airflow/dags
[2024-06-13 05:21:22,496] {manager.py:690} INFO - Searching for files in /opt/airflow/dags
[2024-06-13 05:21:22,501] {manager.py:693} INFO - There are 0 files in /opt/airflow/dags
[2024-06-13 05:26:23,271] {manager.py:690} INFO - Searching for files in /opt/airflow/dags
[2024-06-13 05:26:23,277] {manager.py:693} INFO - There are 0 files in /opt/airflow/dags
[2024-06-13 05:31:24,092] {manager.py:690} INFO - Searching for files in /opt/airflow/dags
[2024-06-13 05:31:24,099] {manager.py:693} INFO - There are 0 files in /opt/airflow/dags
[2024-06-13 05:36:24,909] {manager.py:690} INFO - Searching for files in /opt/airflow/dags
[2024-06-13 05:36:24,915] {manager.py:693} INFO - There are 0 files in /opt/airflow/dags
[2024-06-13 05:41:25,718] {manager.py:690} INFO - Searching for files in /opt/airflow/dags
[2024-06-13 05:41:25,722] {manager.py:693} INFO - There are 0 files in /opt/airflow/dags
[2024-06-13 05:46:26,462] {manager.py:690} INFO - Searching for files in /opt/airflow/dags
[2024-06-13 05:46:26,476] {manager.py:693} INFO - There are 0 files in /opt/airflow/dags
[2024-06-13 05:51:27,280] {manager.py:690} INFO - Searching for files in /opt/airflow/dags
[2024-06-13 05:51:27,286] {manager.py:693} INFO - There are 0 files in /opt/airflow/dags
[2024-06-13 05:56:28,084] {manager.py:690} INFO - Searching for files in /opt/airflow/dags
[2024-06-13 05:56:28,100] {manager.py:693} INFO - There are 0 files in /opt/airflow/dags
[2024-06-13 06:01:28,936] {manager.py:690} INFO - Searching for files in /opt/airflow/dags
[2024-06-13 06:01:28,940] {manager.py:693} INFO - There are 0 files in /opt/airflow/dags
[2024-06-13 06:06:29,764] {manager.py:690} INFO - Searching for files in /opt/airflow/dags
[2024-06-13 06:06:29,772] {manager.py:693} INFO - There are 0 files in /opt/airflow/dags
[2024-06-13 06:11:30,572] {manager.py:690} INFO - Searching for files in /opt/airflow/dags
[2024-06-13 06:11:30,578] {manager.py:693} INFO - There are 0 files in /opt/airflow/dags
[2024-06-13 06:12:01,728] {manager.py:462} INFO - Exiting gracefully upon receiving signal 15
[2024-06-27 18:23:29,217] {manager.py:480} INFO - Processing files using up to 2 processes at a time 
[2024-06-27 18:23:29,218] {manager.py:481} INFO - Process each file at most once every 30 seconds
[2024-06-27 18:23:29,219] {manager.py:483} INFO - Checking for new files in /opt/airflow/dags every 300 seconds
[2024-06-27 18:23:29,220] {manager.py:690} INFO - Searching for files in /opt/airflow/dags
[2024-06-27 18:23:29,224] {manager.py:693} INFO - There are 0 files in /opt/airflow/dags
[2024-06-27 18:28:30,152] {manager.py:690} INFO - Searching for files in /opt/airflow/dags
[2024-06-27 18:28:30,156] {manager.py:693} INFO - There are 0 files in /opt/airflow/dags
[2024-06-27 18:33:30,949] {manager.py:690} INFO - Searching for files in /opt/airflow/dags
[2024-06-27 18:33:30,968] {manager.py:693} INFO - There are 0 files in /opt/airflow/dags
[2024-06-27 18:38:31,760] {manager.py:690} INFO - Searching for files in /opt/airflow/dags
[2024-06-27 18:38:31,764] {manager.py:693} INFO - There are 0 files in /opt/airflow/dags
[2024-06-27 18:43:32,584] {manager.py:690} INFO - Searching for files in /opt/airflow/dags
[2024-06-27 18:43:32,589] {manager.py:693} INFO - There are 0 files in /opt/airflow/dags
[2024-06-27 18:48:28,023] {manager.py:462} INFO - Exiting gracefully upon receiving signal 15
[2024-07-03 14:33:58,927] {manager.py:480} INFO - Processing files using up to 2 processes at a time 
[2024-07-03 14:33:58,929] {manager.py:481} INFO - Process each file at most once every 30 seconds
[2024-07-03 14:33:58,931] {manager.py:483} INFO - Checking for new files in /opt/airflow/dags every 300 seconds
[2024-07-03 14:33:58,931] {manager.py:690} INFO - Searching for files in /opt/airflow/dags
[2024-07-03 14:33:58,937] {manager.py:693} INFO - There are 0 files in /opt/airflow/dags
[2024-07-03 14:38:59,085] {manager.py:690} INFO - Searching for files in /opt/airflow/dags
[2024-07-03 14:38:59,094] {manager.py:693} INFO - There are 0 files in /opt/airflow/dags
[2024-07-03 14:43:59,932] {manager.py:690} INFO - Searching for files in /opt/airflow/dags
[2024-07-03 14:43:59,937] {manager.py:693} INFO - There are 0 files in /opt/airflow/dags
[2024-07-03 14:49:00,922] {manager.py:690} INFO - Searching for files in /opt/airflow/dags
[2024-07-03 14:49:00,928] {manager.py:693} INFO - There are 0 files in /opt/airflow/dags
[2024-07-03 14:54:01,664] {manager.py:690} INFO - Searching for files in /opt/airflow/dags
[2024-07-03 14:54:01,669] {manager.py:693} INFO - There are 0 files in /opt/airflow/dags
[2024-07-03 14:59:02,498] {manager.py:690} INFO - Searching for files in /opt/airflow/dags
[2024-07-03 14:59:02,503] {manager.py:693} INFO - There are 0 files in /opt/airflow/dags
[2024-07-03 15:04:03,249] {manager.py:690} INFO - Searching for files in /opt/airflow/dags
[2024-07-03 15:04:03,256] {manager.py:693} INFO - There are 0 files in /opt/airflow/dags
[2024-07-03 15:09:04,025] {manager.py:690} INFO - Searching for files in /opt/airflow/dags
[2024-07-03 15:09:04,029] {manager.py:693} INFO - There are 0 files in /opt/airflow/dags
[2024-07-03 15:14:04,795] {manager.py:690} INFO - Searching for files in /opt/airflow/dags
[2024-07-03 15:14:04,799] {manager.py:693} INFO - There are 0 files in /opt/airflow/dags
[2024-07-03 15:19:05,563] {manager.py:690} INFO - Searching for files in /opt/airflow/dags
[2024-07-03 15:19:05,570] {manager.py:693} INFO - There are 0 files in /opt/airflow/dags
[2024-07-03 15:24:06,332] {manager.py:690} INFO - Searching for files in /opt/airflow/dags
[2024-07-03 15:24:06,343] {manager.py:693} INFO - There are 0 files in /opt/airflow/dags
[2024-07-03 15:29:07,069] {manager.py:690} INFO - Searching for files in /opt/airflow/dags
[2024-07-03 15:29:07,074] {manager.py:693} INFO - There are 0 files in /opt/airflow/dags
[2024-07-03 15:34:07,794] {manager.py:690} INFO - Searching for files in /opt/airflow/dags
[2024-07-03 15:34:07,797] {manager.py:693} INFO - There are 0 files in /opt/airflow/dags
[2024-07-03 15:39:08,574] {manager.py:690} INFO - Searching for files in /opt/airflow/dags
[2024-07-03 15:39:08,581] {manager.py:693} INFO - There are 0 files in /opt/airflow/dags
[2024-07-03 15:44:09,360] {manager.py:690} INFO - Searching for files in /opt/airflow/dags
[2024-07-03 15:44:09,368] {manager.py:693} INFO - There are 0 files in /opt/airflow/dags
[2024-07-04 04:54:42,669] {manager.py:690} INFO - Searching for files in /opt/airflow/dags
[2024-07-04 04:54:46,101] {manager.py:693} INFO - There are 0 files in /opt/airflow/dags
[2024-07-04 04:59:43,025] {manager.py:690} INFO - Searching for files in /opt/airflow/dags
[2024-07-04 04:59:43,041] {manager.py:693} INFO - There are 0 files in /opt/airflow/dags
[2024-07-04 05:04:43,876] {manager.py:690} INFO - Searching for files in /opt/airflow/dags
[2024-07-04 05:04:43,881] {manager.py:693} INFO - There are 0 files in /opt/airflow/dags
[2024-07-04 05:09:44,730] {manager.py:690} INFO - Searching for files in /opt/airflow/dags
[2024-07-04 05:09:44,739] {manager.py:693} INFO - There are 0 files in /opt/airflow/dags
[2024-07-04 05:14:45,481] {manager.py:690} INFO - Searching for files in /opt/airflow/dags
[2024-07-04 05:14:45,487] {manager.py:693} INFO - There are 0 files in /opt/airflow/dags
[2024-07-04 05:19:46,217] {manager.py:690} INFO - Searching for files in /opt/airflow/dags
[2024-07-04 05:19:46,221] {manager.py:693} INFO - There are 0 files in /opt/airflow/dags
[2024-07-04 05:24:46,924] {manager.py:690} INFO - Searching for files in /opt/airflow/dags
[2024-07-04 05:24:46,930] {manager.py:693} INFO - There are 0 files in /opt/airflow/dags
[2024-07-04 05:29:47,724] {manager.py:690} INFO - Searching for files in /opt/airflow/dags
[2024-07-04 05:29:47,730] {manager.py:693} INFO - There are 0 files in /opt/airflow/dags
[2024-07-04 05:34:48,490] {manager.py:690} INFO - Searching for files in /opt/airflow/dags
[2024-07-04 05:34:48,494] {manager.py:693} INFO - There are 0 files in /opt/airflow/dags
[2024-07-04 05:39:49,332] {manager.py:690} INFO - Searching for files in /opt/airflow/dags
[2024-07-04 05:39:49,339] {manager.py:693} INFO - There are 0 files in /opt/airflow/dags
[2024-07-04 05:44:50,078] {manager.py:690} INFO - Searching for files in /opt/airflow/dags
[2024-07-04 05:44:50,085] {manager.py:693} INFO - There are 0 files in /opt/airflow/dags
[2024-07-04 05:49:50,890] {manager.py:690} INFO - Searching for files in /opt/airflow/dags
[2024-07-04 05:49:50,896] {manager.py:693} INFO - There are 0 files in /opt/airflow/dags
[2024-07-04 05:54:51,026] {manager.py:690} INFO - Searching for files in /opt/airflow/dags
[2024-07-04 05:54:51,689] {manager.py:693} INFO - There are 0 files in /opt/airflow/dags
[2024-07-04 05:59:51,849] {manager.py:690} INFO - Searching for files in /opt/airflow/dags
[2024-07-04 05:59:51,857] {manager.py:693} INFO - There are 0 files in /opt/airflow/dags
[2024-07-04 06:04:52,621] {manager.py:690} INFO - Searching for files in /opt/airflow/dags
[2024-07-04 06:04:52,626] {manager.py:693} INFO - There are 0 files in /opt/airflow/dags
[2024-07-04 06:09:53,372] {manager.py:690} INFO - Searching for files in /opt/airflow/dags
[2024-07-04 06:09:53,377] {manager.py:693} INFO - There are 0 files in /opt/airflow/dags
[2024-07-04 06:14:54,201] {manager.py:690} INFO - Searching for files in /opt/airflow/dags
[2024-07-04 06:14:54,207] {manager.py:693} INFO - There are 0 files in /opt/airflow/dags
[2024-07-04 06:19:54,945] {manager.py:690} INFO - Searching for files in /opt/airflow/dags
[2024-07-04 06:19:54,950] {manager.py:693} INFO - There are 0 files in /opt/airflow/dags
[2024-07-04 06:24:55,740] {manager.py:690} INFO - Searching for files in /opt/airflow/dags
[2024-07-04 06:24:55,746] {manager.py:693} INFO - There are 0 files in /opt/airflow/dags
[2024-07-04 06:29:56,525] {manager.py:690} INFO - Searching for files in /opt/airflow/dags
[2024-07-04 06:29:56,532] {manager.py:693} INFO - There are 0 files in /opt/airflow/dags
[2024-07-04 06:34:57,307] {manager.py:690} INFO - Searching for files in /opt/airflow/dags
[2024-07-04 06:34:57,311] {manager.py:693} INFO - There are 0 files in /opt/airflow/dags
[2024-07-04 06:39:58,062] {manager.py:690} INFO - Searching for files in /opt/airflow/dags
[2024-07-04 06:39:58,086] {manager.py:693} INFO - There are 0 files in /opt/airflow/dags
[2024-07-04 06:44:58,942] {manager.py:690} INFO - Searching for files in /opt/airflow/dags
[2024-07-04 06:44:58,948] {manager.py:693} INFO - There are 0 files in /opt/airflow/dags
[2024-07-04 06:49:59,725] {manager.py:690} INFO - Searching for files in /opt/airflow/dags
[2024-07-04 06:49:59,730] {manager.py:693} INFO - There are 0 files in /opt/airflow/dags
[2024-07-04 06:55:00,523] {manager.py:690} INFO - Searching for files in /opt/airflow/dags
[2024-07-04 06:55:00,528] {manager.py:693} INFO - There are 0 files in /opt/airflow/dags
[2024-07-04 07:00:01,313] {manager.py:690} INFO - Searching for files in /opt/airflow/dags
[2024-07-04 07:00:01,320] {manager.py:693} INFO - There are 0 files in /opt/airflow/dags
[2024-07-04 07:05:02,093] {manager.py:690} INFO - Searching for files in /opt/airflow/dags
[2024-07-04 07:05:02,105] {manager.py:693} INFO - There are 0 files in /opt/airflow/dags
[2024-07-04 07:10:02,908] {manager.py:690} INFO - Searching for files in /opt/airflow/dags
[2024-07-04 07:10:02,943] {manager.py:693} INFO - There are 0 files in /opt/airflow/dags
[2024-07-04 07:15:03,702] {manager.py:690} INFO - Searching for files in /opt/airflow/dags
[2024-07-04 07:15:03,707] {manager.py:693} INFO - There are 0 files in /opt/airflow/dags
[2024-07-04 07:20:04,500] {manager.py:690} INFO - Searching for files in /opt/airflow/dags
[2024-07-04 07:20:04,506] {manager.py:693} INFO - There are 0 files in /opt/airflow/dags
[2024-07-04 07:25:05,263] {manager.py:690} INFO - Searching for files in /opt/airflow/dags
[2024-07-04 07:25:05,302] {manager.py:693} INFO - There are 0 files in /opt/airflow/dags
[2024-07-04 07:30:06,085] {manager.py:690} INFO - Searching for files in /opt/airflow/dags
[2024-07-04 07:30:06,092] {manager.py:693} INFO - There are 0 files in /opt/airflow/dags
[2024-07-04 07:35:06,836] {manager.py:690} INFO - Searching for files in /opt/airflow/dags
[2024-07-04 07:35:06,842] {manager.py:693} INFO - There are 0 files in /opt/airflow/dags
[2024-07-04 07:40:07,584] {manager.py:690} INFO - Searching for files in /opt/airflow/dags
[2024-07-04 07:40:07,588] {manager.py:693} INFO - There are 0 files in /opt/airflow/dags
[2024-07-04 07:45:08,330] {manager.py:690} INFO - Searching for files in /opt/airflow/dags
[2024-07-04 07:45:08,341] {manager.py:693} INFO - There are 0 files in /opt/airflow/dags
[2024-07-04 07:50:09,101] {manager.py:690} INFO - Searching for files in /opt/airflow/dags
[2024-07-04 07:50:09,108] {manager.py:693} INFO - There are 0 files in /opt/airflow/dags
[2024-07-04 07:55:09,878] {manager.py:690} INFO - Searching for files in /opt/airflow/dags
[2024-07-04 07:55:09,883] {manager.py:693} INFO - There are 0 files in /opt/airflow/dags
[2024-07-04 08:00:10,663] {manager.py:690} INFO - Searching for files in /opt/airflow/dags
[2024-07-04 08:00:10,677] {manager.py:693} INFO - There are 0 files in /opt/airflow/dags
[2024-07-04 08:05:11,433] {manager.py:690} INFO - Searching for files in /opt/airflow/dags
[2024-07-04 08:05:11,439] {manager.py:693} INFO - There are 0 files in /opt/airflow/dags
[2024-07-04 08:10:12,192] {manager.py:690} INFO - Searching for files in /opt/airflow/dags
[2024-07-04 08:10:12,197] {manager.py:693} INFO - There are 0 files in /opt/airflow/dags
[2024-07-04 08:15:12,961] {manager.py:690} INFO - Searching for files in /opt/airflow/dags
[2024-07-04 08:15:12,966] {manager.py:693} INFO - There are 0 files in /opt/airflow/dags
[2024-07-04 08:20:13,713] {manager.py:690} INFO - Searching for files in /opt/airflow/dags
[2024-07-04 08:20:13,718] {manager.py:693} INFO - There are 0 files in /opt/airflow/dags
[2024-07-04 08:25:14,499] {manager.py:690} INFO - Searching for files in /opt/airflow/dags
[2024-07-04 08:25:14,505] {manager.py:693} INFO - There are 0 files in /opt/airflow/dags
[2024-07-04 08:30:15,321] {manager.py:690} INFO - Searching for files in /opt/airflow/dags
[2024-07-04 08:30:15,330] {manager.py:693} INFO - There are 0 files in /opt/airflow/dags
[2024-07-04 08:35:16,109] {manager.py:690} INFO - Searching for files in /opt/airflow/dags
[2024-07-04 08:35:16,114] {manager.py:693} INFO - There are 0 files in /opt/airflow/dags
[2024-07-04 08:40:16,870] {manager.py:690} INFO - Searching for files in /opt/airflow/dags
[2024-07-04 08:40:16,875] {manager.py:693} INFO - There are 0 files in /opt/airflow/dags
[2024-07-04 08:45:17,714] {manager.py:690} INFO - Searching for files in /opt/airflow/dags
[2024-07-04 08:45:17,802] {manager.py:693} INFO - There are 0 files in /opt/airflow/dags
[2024-07-04 08:50:18,597] {manager.py:690} INFO - Searching for files in /opt/airflow/dags
[2024-07-04 08:50:18,601] {manager.py:693} INFO - There are 0 files in /opt/airflow/dags
[2024-07-04 08:55:19,367] {manager.py:690} INFO - Searching for files in /opt/airflow/dags
[2024-07-04 08:55:19,373] {manager.py:693} INFO - There are 0 files in /opt/airflow/dags
[2024-07-04 09:00:20,140] {manager.py:690} INFO - Searching for files in /opt/airflow/dags
[2024-07-04 09:00:20,153] {manager.py:693} INFO - There are 0 files in /opt/airflow/dags
[2024-07-04 09:05:20,960] {manager.py:690} INFO - Searching for files in /opt/airflow/dags
[2024-07-04 09:05:20,969] {manager.py:693} INFO - There are 0 files in /opt/airflow/dags
[2024-07-04 09:10:21,737] {manager.py:690} INFO - Searching for files in /opt/airflow/dags
[2024-07-04 09:10:21,743] {manager.py:693} INFO - There are 0 files in /opt/airflow/dags
[2024-07-04 09:15:22,535] {manager.py:690} INFO - Searching for files in /opt/airflow/dags
[2024-07-04 09:15:22,544] {manager.py:693} INFO - There are 0 files in /opt/airflow/dags
[2024-07-04 09:20:23,323] {manager.py:690} INFO - Searching for files in /opt/airflow/dags
[2024-07-04 09:20:23,328] {manager.py:693} INFO - There are 0 files in /opt/airflow/dags
[2024-07-04 09:25:24,160] {manager.py:690} INFO - Searching for files in /opt/airflow/dags
[2024-07-04 09:25:24,166] {manager.py:693} INFO - There are 0 files in /opt/airflow/dags
[2024-07-04 09:30:25,061] {manager.py:690} INFO - Searching for files in /opt/airflow/dags
[2024-07-04 09:30:25,066] {manager.py:693} INFO - There are 0 files in /opt/airflow/dags
[2024-07-04 09:35:25,816] {manager.py:690} INFO - Searching for files in /opt/airflow/dags
[2024-07-04 09:35:25,823] {manager.py:693} INFO - There are 0 files in /opt/airflow/dags
[2024-07-04 09:40:26,625] {manager.py:690} INFO - Searching for files in /opt/airflow/dags
[2024-07-04 09:40:26,630] {manager.py:693} INFO - There are 0 files in /opt/airflow/dags
[2024-07-04 09:45:27,429] {manager.py:690} INFO - Searching for files in /opt/airflow/dags
[2024-07-04 09:45:27,434] {manager.py:693} INFO - There are 0 files in /opt/airflow/dags
[2024-07-04 09:50:28,180] {manager.py:690} INFO - Searching for files in /opt/airflow/dags
[2024-07-04 09:50:28,192] {manager.py:693} INFO - There are 0 files in /opt/airflow/dags
[2024-07-04 09:55:28,961] {manager.py:690} INFO - Searching for files in /opt/airflow/dags
[2024-07-04 09:55:28,965] {manager.py:693} INFO - There are 0 files in /opt/airflow/dags
[2024-07-04 10:00:29,740] {manager.py:690} INFO - Searching for files in /opt/airflow/dags
[2024-07-04 10:00:29,750] {manager.py:693} INFO - There are 0 files in /opt/airflow/dags
[2024-07-04 10:05:30,543] {manager.py:690} INFO - Searching for files in /opt/airflow/dags
[2024-07-04 10:05:30,551] {manager.py:693} INFO - There are 0 files in /opt/airflow/dags
[2024-07-04 10:10:31,325] {manager.py:690} INFO - Searching for files in /opt/airflow/dags
[2024-07-04 10:10:31,331] {manager.py:693} INFO - There are 0 files in /opt/airflow/dags
[2024-07-04 10:15:32,106] {manager.py:690} INFO - Searching for files in /opt/airflow/dags
[2024-07-04 10:15:32,112] {manager.py:693} INFO - There are 0 files in /opt/airflow/dags
[2024-07-04 10:20:32,836] {manager.py:690} INFO - Searching for files in /opt/airflow/dags
[2024-07-04 10:20:32,843] {manager.py:693} INFO - There are 0 files in /opt/airflow/dags
[2024-07-04 10:25:33,618] {manager.py:690} INFO - Searching for files in /opt/airflow/dags
[2024-07-04 10:25:33,625] {manager.py:693} INFO - There are 0 files in /opt/airflow/dags
[2024-07-04 10:30:34,378] {manager.py:690} INFO - Searching for files in /opt/airflow/dags
[2024-07-04 10:30:34,386] {manager.py:693} INFO - There are 0 files in /opt/airflow/dags
[2024-07-04 10:35:35,212] {manager.py:690} INFO - Searching for files in /opt/airflow/dags
[2024-07-04 10:35:35,215] {manager.py:693} INFO - There are 0 files in /opt/airflow/dags
[2024-07-04 10:40:36,174] {manager.py:690} INFO - Searching for files in /opt/airflow/dags
[2024-07-04 10:40:36,179] {manager.py:693} INFO - There are 0 files in /opt/airflow/dags
[2024-07-04 10:45:36,979] {manager.py:690} INFO - Searching for files in /opt/airflow/dags
[2024-07-04 10:45:36,986] {manager.py:693} INFO - There are 0 files in /opt/airflow/dags
[2024-07-04 10:50:37,748] {manager.py:690} INFO - Searching for files in /opt/airflow/dags
[2024-07-04 10:50:37,756] {manager.py:693} INFO - There are 0 files in /opt/airflow/dags
[2024-07-04 10:55:38,540] {manager.py:690} INFO - Searching for files in /opt/airflow/dags
[2024-07-04 10:55:38,545] {manager.py:693} INFO - There are 0 files in /opt/airflow/dags
[2024-07-04 11:00:39,326] {manager.py:690} INFO - Searching for files in /opt/airflow/dags
[2024-07-04 11:00:39,339] {manager.py:693} INFO - There are 0 files in /opt/airflow/dags
[2024-07-04 11:05:40,148] {manager.py:690} INFO - Searching for files in /opt/airflow/dags
[2024-07-04 11:05:40,155] {manager.py:693} INFO - There are 0 files in /opt/airflow/dags
[2024-07-04 11:10:40,936] {manager.py:690} INFO - Searching for files in /opt/airflow/dags
[2024-07-04 11:10:40,940] {manager.py:693} INFO - There are 0 files in /opt/airflow/dags
[2024-07-04 11:15:41,709] {manager.py:690} INFO - Searching for files in /opt/airflow/dags
[2024-07-04 11:15:41,713] {manager.py:693} INFO - There are 0 files in /opt/airflow/dags
[2024-07-04 11:20:42,494] {manager.py:690} INFO - Searching for files in /opt/airflow/dags
[2024-07-04 11:20:42,499] {manager.py:693} INFO - There are 0 files in /opt/airflow/dags
[2024-07-04 11:25:43,282] {manager.py:690} INFO - Searching for files in /opt/airflow/dags
[2024-07-04 11:25:43,287] {manager.py:693} INFO - There are 0 files in /opt/airflow/dags
[2024-07-04 11:30:44,043] {manager.py:690} INFO - Searching for files in /opt/airflow/dags
[2024-07-04 11:30:44,049] {manager.py:693} INFO - There are 0 files in /opt/airflow/dags
[2024-07-04 11:35:44,797] {manager.py:690} INFO - Searching for files in /opt/airflow/dags
[2024-07-04 11:35:44,823] {manager.py:693} INFO - There are 0 files in /opt/airflow/dags
[2024-07-04 11:40:45,579] {manager.py:690} INFO - Searching for files in /opt/airflow/dags
[2024-07-04 11:40:45,584] {manager.py:693} INFO - There are 0 files in /opt/airflow/dags
[2024-07-04 11:45:46,371] {manager.py:690} INFO - Searching for files in /opt/airflow/dags
[2024-07-04 11:45:46,375] {manager.py:693} INFO - There are 0 files in /opt/airflow/dags
[2024-07-04 11:50:47,113] {manager.py:690} INFO - Searching for files in /opt/airflow/dags
[2024-07-04 11:50:47,117] {manager.py:693} INFO - There are 0 files in /opt/airflow/dags
[2024-07-04 11:55:47,877] {manager.py:690} INFO - Searching for files in /opt/airflow/dags
[2024-07-04 11:55:47,884] {manager.py:693} INFO - There are 0 files in /opt/airflow/dags
[2024-07-04 12:00:48,667] {manager.py:690} INFO - Searching for files in /opt/airflow/dags
[2024-07-04 12:00:48,671] {manager.py:693} INFO - There are 0 files in /opt/airflow/dags
[2024-07-04 12:05:49,413] {manager.py:690} INFO - Searching for files in /opt/airflow/dags
[2024-07-04 12:05:49,418] {manager.py:693} INFO - There are 0 files in /opt/airflow/dags
[2024-07-04 12:10:50,165] {manager.py:690} INFO - Searching for files in /opt/airflow/dags
[2024-07-04 12:10:50,178] {manager.py:693} INFO - There are 0 files in /opt/airflow/dags
[2024-07-04 12:14:16,453] {manager.py:462} INFO - Exiting gracefully upon receiving signal 15
[2024-07-07 17:55:38,308] {manager.py:480} INFO - Processing files using up to 2 processes at a time 
[2024-07-07 17:55:38,311] {manager.py:481} INFO - Process each file at most once every 30 seconds
[2024-07-07 17:55:38,312] {manager.py:483} INFO - Checking for new files in /opt/airflow/dags every 300 seconds
[2024-07-07 17:55:38,312] {manager.py:690} INFO - Searching for files in /opt/airflow/dags
[2024-07-07 17:55:38,323] {manager.py:693} INFO - There are 0 files in /opt/airflow/dags
[2024-07-07 18:00:38,430] {manager.py:690} INFO - Searching for files in /opt/airflow/dags
[2024-07-07 18:00:38,439] {manager.py:693} INFO - There are 0 files in /opt/airflow/dags
[2024-07-07 18:05:39,300] {manager.py:690} INFO - Searching for files in /opt/airflow/dags
[2024-07-07 18:05:39,310] {manager.py:693} INFO - There are 0 files in /opt/airflow/dags
[2024-07-07 18:10:40,192] {manager.py:690} INFO - Searching for files in /opt/airflow/dags
[2024-07-07 18:10:40,207] {manager.py:693} INFO - There are 0 files in /opt/airflow/dags
[2024-07-07 18:15:41,153] {manager.py:690} INFO - Searching for files in /opt/airflow/dags
[2024-07-07 18:15:41,158] {manager.py:693} INFO - There are 0 files in /opt/airflow/dags
[2024-07-07 18:20:42,066] {manager.py:690} INFO - Searching for files in /opt/airflow/dags
[2024-07-07 18:20:42,071] {manager.py:693} INFO - There are 0 files in /opt/airflow/dags
[2024-07-07 18:25:42,989] {manager.py:690} INFO - Searching for files in /opt/airflow/dags
[2024-07-07 18:25:42,993] {manager.py:693} INFO - There are 0 files in /opt/airflow/dags
[2024-07-07 18:30:43,079] {manager.py:690} INFO - Searching for files in /opt/airflow/dags
[2024-07-07 18:30:43,084] {manager.py:693} INFO - There are 0 files in /opt/airflow/dags
[2024-07-07 18:35:44,011] {manager.py:690} INFO - Searching for files in /opt/airflow/dags
[2024-07-07 18:35:44,025] {manager.py:693} INFO - There are 0 files in /opt/airflow/dags
[2024-07-07 18:40:44,953] {manager.py:690} INFO - Searching for files in /opt/airflow/dags
[2024-07-07 18:40:44,959] {manager.py:693} INFO - There are 0 files in /opt/airflow/dags
[2024-07-07 18:45:45,857] {manager.py:690} INFO - Searching for files in /opt/airflow/dags
[2024-07-07 18:45:45,946] {manager.py:693} INFO - There are 0 files in /opt/airflow/dags
[2024-07-07 18:50:29,364] {manager.py:462} INFO - Exiting gracefully upon receiving signal 15
[2024-07-07 19:33:51,173] {manager.py:480} INFO - Processing files using up to 2 processes at a time 
[2024-07-07 19:33:51,174] {manager.py:481} INFO - Process each file at most once every 30 seconds
[2024-07-07 19:33:51,176] {manager.py:483} INFO - Checking for new files in /opt/airflow/dags every 300 seconds
[2024-07-07 19:33:51,181] {manager.py:690} INFO - Searching for files in /opt/airflow/dags
[2024-07-07 19:33:51,196] {manager.py:693} INFO - There are 0 files in /opt/airflow/dags
[2024-07-07 19:38:51,339] {manager.py:690} INFO - Searching for files in /opt/airflow/dags
[2024-07-07 19:38:51,354] {manager.py:693} INFO - There are 0 files in /opt/airflow/dags
[2024-07-07 19:43:52,284] {manager.py:690} INFO - Searching for files in /opt/airflow/dags
[2024-07-07 19:43:52,287] {manager.py:693} INFO - There are 0 files in /opt/airflow/dags
[2024-07-07 19:48:53,185] {manager.py:690} INFO - Searching for files in /opt/airflow/dags
[2024-07-07 19:48:53,190] {manager.py:693} INFO - There are 0 files in /opt/airflow/dags
[2024-07-07 19:53:54,104] {manager.py:690} INFO - Searching for files in /opt/airflow/dags
[2024-07-07 19:53:54,115] {manager.py:693} INFO - There are 0 files in /opt/airflow/dags
[2024-07-07 19:58:55,000] {manager.py:690} INFO - Searching for files in /opt/airflow/dags
[2024-07-07 19:58:55,005] {manager.py:693} INFO - There are 0 files in /opt/airflow/dags
[2024-07-08 05:02:37,681] {manager.py:690} INFO - Searching for files in /opt/airflow/dags
[2024-07-08 05:02:40,414] {manager.py:693} INFO - There are 0 files in /opt/airflow/dags
[2024-07-08 05:07:38,633] {manager.py:690} INFO - Searching for files in /opt/airflow/dags
[2024-07-08 05:07:38,640] {manager.py:693} INFO - There are 0 files in /opt/airflow/dags
[2024-07-08 05:12:39,402] {manager.py:690} INFO - Searching for files in /opt/airflow/dags
[2024-07-08 05:12:39,407] {manager.py:693} INFO - There are 0 files in /opt/airflow/dags
[2024-07-08 05:17:40,173] {manager.py:690} INFO - Searching for files in /opt/airflow/dags
[2024-07-08 05:17:40,189] {manager.py:693} INFO - There are 0 files in /opt/airflow/dags
[2024-07-08 05:22:40,938] {manager.py:690} INFO - Searching for files in /opt/airflow/dags
[2024-07-08 05:22:40,948] {manager.py:693} INFO - There are 0 files in /opt/airflow/dags
[2024-07-08 05:27:41,698] {manager.py:690} INFO - Searching for files in /opt/airflow/dags
[2024-07-08 05:27:41,703] {manager.py:693} INFO - There are 0 files in /opt/airflow/dags
[2024-07-08 05:32:42,531] {manager.py:690} INFO - Searching for files in /opt/airflow/dags
[2024-07-08 05:32:42,538] {manager.py:693} INFO - There are 0 files in /opt/airflow/dags
[2024-07-08 05:37:43,302] {manager.py:690} INFO - Searching for files in /opt/airflow/dags
[2024-07-08 05:37:43,307] {manager.py:693} INFO - There are 0 files in /opt/airflow/dags
[2024-07-08 05:42:44,048] {manager.py:690} INFO - Searching for files in /opt/airflow/dags
[2024-07-08 05:42:44,056] {manager.py:693} INFO - There are 0 files in /opt/airflow/dags
[2024-07-08 05:47:44,798] {manager.py:690} INFO - Searching for files in /opt/airflow/dags
[2024-07-08 05:47:44,804] {manager.py:693} INFO - There are 0 files in /opt/airflow/dags
[2024-07-08 05:52:45,547] {manager.py:690} INFO - Searching for files in /opt/airflow/dags
[2024-07-08 05:52:45,553] {manager.py:693} INFO - There are 0 files in /opt/airflow/dags
[2024-07-08 05:57:46,338] {manager.py:690} INFO - Searching for files in /opt/airflow/dags
[2024-07-08 05:57:46,390] {manager.py:693} INFO - There are 0 files in /opt/airflow/dags
[2024-07-08 06:02:47,201] {manager.py:690} INFO - Searching for files in /opt/airflow/dags
[2024-07-08 06:02:47,208] {manager.py:693} INFO - There are 0 files in /opt/airflow/dags
[2024-07-08 06:07:47,960] {manager.py:690} INFO - Searching for files in /opt/airflow/dags
[2024-07-08 06:07:47,965] {manager.py:693} INFO - There are 0 files in /opt/airflow/dags
[2024-07-08 06:12:48,708] {manager.py:690} INFO - Searching for files in /opt/airflow/dags
[2024-07-08 06:12:48,713] {manager.py:693} INFO - There are 0 files in /opt/airflow/dags
[2024-07-08 06:17:49,455] {manager.py:690} INFO - Searching for files in /opt/airflow/dags
[2024-07-08 06:17:49,461] {manager.py:693} INFO - There are 0 files in /opt/airflow/dags
[2024-07-08 06:22:50,182] {manager.py:690} INFO - Searching for files in /opt/airflow/dags
[2024-07-08 06:22:50,191] {manager.py:693} INFO - There are 0 files in /opt/airflow/dags
[2024-07-08 06:27:50,971] {manager.py:690} INFO - Searching for files in /opt/airflow/dags
[2024-07-08 06:27:50,976] {manager.py:693} INFO - There are 0 files in /opt/airflow/dags
[2024-07-08 06:32:51,720] {manager.py:690} INFO - Searching for files in /opt/airflow/dags
[2024-07-08 06:32:51,726] {manager.py:693} INFO - There are 0 files in /opt/airflow/dags
[2024-07-08 06:37:52,500] {manager.py:690} INFO - Searching for files in /opt/airflow/dags
[2024-07-08 06:37:52,508] {manager.py:693} INFO - There are 0 files in /opt/airflow/dags
[2024-07-08 06:42:53,258] {manager.py:690} INFO - Searching for files in /opt/airflow/dags
[2024-07-08 06:42:53,263] {manager.py:693} INFO - There are 0 files in /opt/airflow/dags
[2024-07-08 06:47:54,037] {manager.py:690} INFO - Searching for files in /opt/airflow/dags
[2024-07-08 06:47:54,040] {manager.py:693} INFO - There are 0 files in /opt/airflow/dags
[2024-07-08 06:52:54,806] {manager.py:690} INFO - Searching for files in /opt/airflow/dags
[2024-07-08 06:52:54,813] {manager.py:693} INFO - There are 0 files in /opt/airflow/dags
[2024-07-08 06:57:55,588] {manager.py:690} INFO - Searching for files in /opt/airflow/dags
[2024-07-08 06:57:55,593] {manager.py:693} INFO - There are 0 files in /opt/airflow/dags
[2024-07-08 07:02:56,393] {manager.py:690} INFO - Searching for files in /opt/airflow/dags
[2024-07-08 07:02:56,402] {manager.py:693} INFO - There are 0 files in /opt/airflow/dags
[2024-07-08 07:07:57,190] {manager.py:690} INFO - Searching for files in /opt/airflow/dags
[2024-07-08 07:07:57,195] {manager.py:693} INFO - There are 0 files in /opt/airflow/dags
[2024-07-08 07:12:57,937] {manager.py:690} INFO - Searching for files in /opt/airflow/dags
[2024-07-08 07:12:57,946] {manager.py:693} INFO - There are 0 files in /opt/airflow/dags
[2024-07-08 07:17:58,708] {manager.py:690} INFO - Searching for files in /opt/airflow/dags
[2024-07-08 07:17:58,716] {manager.py:693} INFO - There are 0 files in /opt/airflow/dags
[2024-07-08 07:22:59,583] {manager.py:690} INFO - Searching for files in /opt/airflow/dags
[2024-07-08 07:22:59,588] {manager.py:693} INFO - There are 0 files in /opt/airflow/dags
[2024-07-08 07:28:00,374] {manager.py:690} INFO - Searching for files in /opt/airflow/dags
[2024-07-08 07:28:00,382] {manager.py:693} INFO - There are 0 files in /opt/airflow/dags
[2024-07-08 07:33:01,149] {manager.py:690} INFO - Searching for files in /opt/airflow/dags
[2024-07-08 07:33:01,152] {manager.py:693} INFO - There are 0 files in /opt/airflow/dags
[2024-07-08 07:38:01,885] {manager.py:690} INFO - Searching for files in /opt/airflow/dags
[2024-07-08 07:38:01,895] {manager.py:693} INFO - There are 0 files in /opt/airflow/dags
[2024-07-08 07:43:02,612] {manager.py:690} INFO - Searching for files in /opt/airflow/dags
[2024-07-08 07:43:02,617] {manager.py:693} INFO - There are 0 files in /opt/airflow/dags
[2024-07-08 07:48:03,383] {manager.py:690} INFO - Searching for files in /opt/airflow/dags
[2024-07-08 07:48:03,390] {manager.py:693} INFO - There are 0 files in /opt/airflow/dags
[2024-07-08 07:53:04,090] {manager.py:690} INFO - Searching for files in /opt/airflow/dags
[2024-07-08 07:53:04,096] {manager.py:693} INFO - There are 0 files in /opt/airflow/dags
[2024-07-08 07:58:04,834] {manager.py:690} INFO - Searching for files in /opt/airflow/dags
[2024-07-08 07:58:04,841] {manager.py:693} INFO - There are 0 files in /opt/airflow/dags
[2024-07-08 08:03:05,621] {manager.py:690} INFO - Searching for files in /opt/airflow/dags
[2024-07-08 08:03:05,628] {manager.py:693} INFO - There are 0 files in /opt/airflow/dags
[2024-07-08 08:08:06,345] {manager.py:690} INFO - Searching for files in /opt/airflow/dags
[2024-07-08 08:08:06,352] {manager.py:693} INFO - There are 0 files in /opt/airflow/dags
[2024-07-08 08:13:07,104] {manager.py:690} INFO - Searching for files in /opt/airflow/dags
[2024-07-08 08:13:07,109] {manager.py:693} INFO - There are 0 files in /opt/airflow/dags
[2024-07-08 08:18:07,880] {manager.py:690} INFO - Searching for files in /opt/airflow/dags
[2024-07-08 08:18:07,890] {manager.py:693} INFO - There are 0 files in /opt/airflow/dags
[2024-07-08 08:23:08,605] {manager.py:690} INFO - Searching for files in /opt/airflow/dags
[2024-07-08 08:23:08,610] {manager.py:693} INFO - There are 0 files in /opt/airflow/dags
[2024-07-08 08:28:09,327] {manager.py:690} INFO - Searching for files in /opt/airflow/dags
[2024-07-08 08:28:09,332] {manager.py:693} INFO - There are 0 files in /opt/airflow/dags
[2024-07-08 08:33:10,069] {manager.py:690} INFO - Searching for files in /opt/airflow/dags
[2024-07-08 08:33:10,074] {manager.py:693} INFO - There are 0 files in /opt/airflow/dags
[2024-07-08 08:38:10,844] {manager.py:690} INFO - Searching for files in /opt/airflow/dags
[2024-07-08 08:38:10,851] {manager.py:693} INFO - There are 0 files in /opt/airflow/dags
[2024-07-08 08:43:11,753] {manager.py:690} INFO - Searching for files in /opt/airflow/dags
[2024-07-08 08:43:11,757] {manager.py:693} INFO - There are 0 files in /opt/airflow/dags
[2024-07-08 08:48:12,468] {manager.py:690} INFO - Searching for files in /opt/airflow/dags
[2024-07-08 08:48:12,475] {manager.py:693} INFO - There are 0 files in /opt/airflow/dags
[2024-07-08 08:53:13,204] {manager.py:690} INFO - Searching for files in /opt/airflow/dags
[2024-07-08 08:53:13,209] {manager.py:693} INFO - There are 0 files in /opt/airflow/dags
[2024-07-08 08:58:13,988] {manager.py:690} INFO - Searching for files in /opt/airflow/dags
[2024-07-08 08:58:13,994] {manager.py:693} INFO - There are 0 files in /opt/airflow/dags
[2024-07-08 09:03:14,908] {manager.py:690} INFO - Searching for files in /opt/airflow/dags
[2024-07-08 09:03:14,917] {manager.py:693} INFO - There are 0 files in /opt/airflow/dags
[2024-07-08 09:08:14,993] {manager.py:690} INFO - Searching for files in /opt/airflow/dags
[2024-07-08 09:08:15,694] {manager.py:693} INFO - There are 0 files in /opt/airflow/dags
[2024-07-08 09:13:15,601] {manager.py:690} INFO - Searching for files in /opt/airflow/dags
[2024-07-08 09:13:15,608] {manager.py:693} INFO - There are 0 files in /opt/airflow/dags
[2024-07-08 09:18:16,426] {manager.py:690} INFO - Searching for files in /opt/airflow/dags
[2024-07-08 09:18:16,433] {manager.py:693} INFO - There are 0 files in /opt/airflow/dags
[2024-07-08 09:23:17,214] {manager.py:690} INFO - Searching for files in /opt/airflow/dags
[2024-07-08 09:23:17,248] {manager.py:693} INFO - There are 0 files in /opt/airflow/dags
[2024-07-08 09:28:18,030] {manager.py:690} INFO - Searching for files in /opt/airflow/dags
[2024-07-08 09:28:18,049] {manager.py:693} INFO - There are 0 files in /opt/airflow/dags
[2024-07-08 09:33:18,817] {manager.py:690} INFO - Searching for files in /opt/airflow/dags
[2024-07-08 09:33:18,824] {manager.py:693} INFO - There are 0 files in /opt/airflow/dags
[2024-07-08 09:38:19,548] {manager.py:690} INFO - Searching for files in /opt/airflow/dags
[2024-07-08 09:38:19,553] {manager.py:693} INFO - There are 0 files in /opt/airflow/dags
[2024-07-08 09:43:20,303] {manager.py:690} INFO - Searching for files in /opt/airflow/dags
[2024-07-08 09:43:20,314] {manager.py:693} INFO - There are 0 files in /opt/airflow/dags
[2024-07-08 09:48:21,111] {manager.py:690} INFO - Searching for files in /opt/airflow/dags
[2024-07-08 09:48:21,123] {manager.py:693} INFO - There are 0 files in /opt/airflow/dags
[2024-07-08 09:53:21,957] {manager.py:690} INFO - Searching for files in /opt/airflow/dags
[2024-07-08 09:53:21,969] {manager.py:693} INFO - There are 0 files in /opt/airflow/dags
[2024-07-08 09:58:22,795] {manager.py:690} INFO - Searching for files in /opt/airflow/dags
[2024-07-08 09:58:22,801] {manager.py:693} INFO - There are 0 files in /opt/airflow/dags
[2024-07-08 10:03:23,539] {manager.py:690} INFO - Searching for files in /opt/airflow/dags
[2024-07-08 10:03:23,546] {manager.py:693} INFO - There are 0 files in /opt/airflow/dags
[2024-07-08 10:08:24,279] {manager.py:690} INFO - Searching for files in /opt/airflow/dags
[2024-07-08 10:08:24,285] {manager.py:693} INFO - There are 0 files in /opt/airflow/dags
[2024-07-08 10:13:25,017] {manager.py:690} INFO - Searching for files in /opt/airflow/dags
[2024-07-08 10:13:25,028] {manager.py:693} INFO - There are 0 files in /opt/airflow/dags
[2024-07-08 10:18:25,785] {manager.py:690} INFO - Searching for files in /opt/airflow/dags
[2024-07-08 10:18:25,791] {manager.py:693} INFO - There are 0 files in /opt/airflow/dags
[2024-07-08 10:23:26,534] {manager.py:690} INFO - Searching for files in /opt/airflow/dags
[2024-07-08 10:23:26,551] {manager.py:693} INFO - There are 0 files in /opt/airflow/dags
[2024-07-08 10:28:27,289] {manager.py:690} INFO - Searching for files in /opt/airflow/dags
[2024-07-08 10:28:27,294] {manager.py:693} INFO - There are 0 files in /opt/airflow/dags
[2024-07-08 10:33:28,037] {manager.py:690} INFO - Searching for files in /opt/airflow/dags
[2024-07-08 10:33:28,043] {manager.py:693} INFO - There are 0 files in /opt/airflow/dags
[2024-07-08 10:38:28,790] {manager.py:690} INFO - Searching for files in /opt/airflow/dags
[2024-07-08 10:38:28,795] {manager.py:693} INFO - There are 0 files in /opt/airflow/dags
[2024-07-08 10:43:29,551] {manager.py:690} INFO - Searching for files in /opt/airflow/dags
[2024-07-08 10:43:29,574] {manager.py:693} INFO - There are 0 files in /opt/airflow/dags
[2024-07-08 10:48:30,323] {manager.py:690} INFO - Searching for files in /opt/airflow/dags
[2024-07-08 10:48:30,333] {manager.py:693} INFO - There are 0 files in /opt/airflow/dags
[2024-07-08 10:53:31,099] {manager.py:690} INFO - Searching for files in /opt/airflow/dags
[2024-07-08 10:53:31,105] {manager.py:693} INFO - There are 0 files in /opt/airflow/dags
[2024-07-08 10:58:31,839] {manager.py:690} INFO - Searching for files in /opt/airflow/dags
[2024-07-08 10:58:31,853] {manager.py:693} INFO - There are 0 files in /opt/airflow/dags
[2024-07-08 11:03:32,614] {manager.py:690} INFO - Searching for files in /opt/airflow/dags
[2024-07-08 11:03:32,619] {manager.py:693} INFO - There are 0 files in /opt/airflow/dags
[2024-07-08 11:08:33,341] {manager.py:690} INFO - Searching for files in /opt/airflow/dags
[2024-07-08 11:08:33,345] {manager.py:693} INFO - There are 0 files in /opt/airflow/dags
[2024-07-08 11:13:34,094] {manager.py:690} INFO - Searching for files in /opt/airflow/dags
[2024-07-08 11:13:34,104] {manager.py:693} INFO - There are 0 files in /opt/airflow/dags
[2024-07-08 11:18:34,854] {manager.py:690} INFO - Searching for files in /opt/airflow/dags
[2024-07-08 11:18:34,861] {manager.py:693} INFO - There are 0 files in /opt/airflow/dags
[2024-07-08 11:23:35,616] {manager.py:690} INFO - Searching for files in /opt/airflow/dags
[2024-07-08 11:23:35,621] {manager.py:693} INFO - There are 0 files in /opt/airflow/dags
[2024-07-08 11:28:36,339] {manager.py:690} INFO - Searching for files in /opt/airflow/dags
[2024-07-08 11:28:36,344] {manager.py:693} INFO - There are 0 files in /opt/airflow/dags
[2024-07-08 11:33:37,079] {manager.py:690} INFO - Searching for files in /opt/airflow/dags
[2024-07-08 11:33:37,084] {manager.py:693} INFO - There are 0 files in /opt/airflow/dags
[2024-07-08 11:38:37,822] {manager.py:690} INFO - Searching for files in /opt/airflow/dags
[2024-07-08 11:38:37,829] {manager.py:693} INFO - There are 0 files in /opt/airflow/dags
[2024-07-08 11:43:38,549] {manager.py:690} INFO - Searching for files in /opt/airflow/dags
[2024-07-08 11:43:38,555] {manager.py:693} INFO - There are 0 files in /opt/airflow/dags
[2024-07-08 11:48:39,249] {manager.py:690} INFO - Searching for files in /opt/airflow/dags
[2024-07-08 11:48:39,256] {manager.py:693} INFO - There are 0 files in /opt/airflow/dags
[2024-07-08 11:53:39,993] {manager.py:690} INFO - Searching for files in /opt/airflow/dags
[2024-07-08 11:53:40,000] {manager.py:693} INFO - There are 0 files in /opt/airflow/dags
[2024-07-08 11:58:40,767] {manager.py:690} INFO - Searching for files in /opt/airflow/dags
[2024-07-08 11:58:40,772] {manager.py:693} INFO - There are 0 files in /opt/airflow/dags
[2024-07-08 12:03:41,568] {manager.py:690} INFO - Searching for files in /opt/airflow/dags
[2024-07-08 12:03:41,573] {manager.py:693} INFO - There are 0 files in /opt/airflow/dags
[2024-07-08 12:08:42,303] {manager.py:690} INFO - Searching for files in /opt/airflow/dags
[2024-07-08 12:08:42,329] {manager.py:693} INFO - There are 0 files in /opt/airflow/dags
[2024-07-08 12:13:43,079] {manager.py:690} INFO - Searching for files in /opt/airflow/dags
[2024-07-08 12:13:43,082] {manager.py:693} INFO - There are 0 files in /opt/airflow/dags
[2024-07-08 12:18:43,819] {manager.py:690} INFO - Searching for files in /opt/airflow/dags
[2024-07-08 12:18:43,825] {manager.py:693} INFO - There are 0 files in /opt/airflow/dags
[2024-07-08 12:23:44,582] {manager.py:690} INFO - Searching for files in /opt/airflow/dags
[2024-07-08 12:23:44,586] {manager.py:693} INFO - There are 0 files in /opt/airflow/dags
[2024-07-08 12:28:45,361] {manager.py:690} INFO - Searching for files in /opt/airflow/dags
[2024-07-08 12:28:45,366] {manager.py:693} INFO - There are 0 files in /opt/airflow/dags
[2024-07-08 12:33:46,123] {manager.py:690} INFO - Searching for files in /opt/airflow/dags
[2024-07-08 12:33:46,132] {manager.py:693} INFO - There are 0 files in /opt/airflow/dags
[2024-07-08 12:38:46,963] {manager.py:690} INFO - Searching for files in /opt/airflow/dags
[2024-07-08 12:38:46,969] {manager.py:693} INFO - There are 0 files in /opt/airflow/dags
[2024-07-08 12:43:47,693] {manager.py:690} INFO - Searching for files in /opt/airflow/dags
[2024-07-08 12:43:47,716] {manager.py:693} INFO - There are 0 files in /opt/airflow/dags
[2024-07-08 12:48:48,454] {manager.py:690} INFO - Searching for files in /opt/airflow/dags
[2024-07-08 12:48:48,519] {manager.py:693} INFO - There are 0 files in /opt/airflow/dags
[2024-07-08 12:53:49,344] {manager.py:690} INFO - Searching for files in /opt/airflow/dags
[2024-07-08 12:53:49,348] {manager.py:693} INFO - There are 0 files in /opt/airflow/dags
[2024-07-08 12:58:50,058] {manager.py:690} INFO - Searching for files in /opt/airflow/dags
[2024-07-08 12:58:50,064] {manager.py:693} INFO - There are 0 files in /opt/airflow/dags
[2024-07-08 13:03:50,766] {manager.py:690} INFO - Searching for files in /opt/airflow/dags
[2024-07-08 13:03:50,781] {manager.py:693} INFO - There are 0 files in /opt/airflow/dags
[2024-07-08 13:08:51,519] {manager.py:690} INFO - Searching for files in /opt/airflow/dags
[2024-07-08 13:08:51,524] {manager.py:693} INFO - There are 0 files in /opt/airflow/dags
[2024-07-08 13:13:52,233] {manager.py:690} INFO - Searching for files in /opt/airflow/dags
[2024-07-08 13:13:52,238] {manager.py:693} INFO - There are 0 files in /opt/airflow/dags
[2024-07-08 13:18:53,003] {manager.py:690} INFO - Searching for files in /opt/airflow/dags
[2024-07-08 13:18:53,009] {manager.py:693} INFO - There are 0 files in /opt/airflow/dags
[2024-07-08 13:23:53,715] {manager.py:690} INFO - Searching for files in /opt/airflow/dags
[2024-07-08 13:23:53,719] {manager.py:693} INFO - There are 0 files in /opt/airflow/dags
[2024-07-08 13:28:54,530] {manager.py:690} INFO - Searching for files in /opt/airflow/dags
[2024-07-08 13:28:54,536] {manager.py:693} INFO - There are 0 files in /opt/airflow/dags
[2024-07-08 13:33:55,245] {manager.py:690} INFO - Searching for files in /opt/airflow/dags
[2024-07-08 13:33:55,252] {manager.py:693} INFO - There are 0 files in /opt/airflow/dags
[2024-07-08 13:38:55,962] {manager.py:690} INFO - Searching for files in /opt/airflow/dags
[2024-07-08 13:38:55,969] {manager.py:693} INFO - There are 0 files in /opt/airflow/dags
[2024-07-08 13:43:56,670] {manager.py:690} INFO - Searching for files in /opt/airflow/dags
[2024-07-08 13:43:56,676] {manager.py:693} INFO - There are 0 files in /opt/airflow/dags
[2024-07-08 13:48:57,402] {manager.py:690} INFO - Searching for files in /opt/airflow/dags
[2024-07-08 13:48:57,411] {manager.py:693} INFO - There are 0 files in /opt/airflow/dags
[2024-07-08 13:53:58,160] {manager.py:690} INFO - Searching for files in /opt/airflow/dags
[2024-07-08 13:53:58,164] {manager.py:693} INFO - There are 0 files in /opt/airflow/dags
[2024-07-08 13:58:58,901] {manager.py:690} INFO - Searching for files in /opt/airflow/dags
[2024-07-08 13:58:58,907] {manager.py:693} INFO - There are 0 files in /opt/airflow/dags
[2024-07-08 14:03:59,649] {manager.py:690} INFO - Searching for files in /opt/airflow/dags
[2024-07-08 14:03:59,656] {manager.py:693} INFO - There are 0 files in /opt/airflow/dags
[2024-07-08 14:09:00,381] {manager.py:690} INFO - Searching for files in /opt/airflow/dags
[2024-07-08 14:09:00,386] {manager.py:693} INFO - There are 0 files in /opt/airflow/dags
[2024-07-08 14:14:01,144] {manager.py:690} INFO - Searching for files in /opt/airflow/dags
[2024-07-08 14:14:01,150] {manager.py:693} INFO - There are 0 files in /opt/airflow/dags
[2024-07-08 14:19:01,864] {manager.py:690} INFO - Searching for files in /opt/airflow/dags
[2024-07-08 14:19:01,871] {manager.py:693} INFO - There are 0 files in /opt/airflow/dags
[2024-07-08 14:24:02,579] {manager.py:690} INFO - Searching for files in /opt/airflow/dags
[2024-07-08 14:24:02,584] {manager.py:693} INFO - There are 0 files in /opt/airflow/dags
[2024-07-08 14:29:03,304] {manager.py:690} INFO - Searching for files in /opt/airflow/dags
[2024-07-08 14:29:03,308] {manager.py:693} INFO - There are 0 files in /opt/airflow/dags
[2024-07-08 14:34:04,036] {manager.py:690} INFO - Searching for files in /opt/airflow/dags
[2024-07-08 14:34:04,040] {manager.py:693} INFO - There are 0 files in /opt/airflow/dags
[2024-07-08 14:39:04,815] {manager.py:690} INFO - Searching for files in /opt/airflow/dags
[2024-07-08 14:39:04,823] {manager.py:693} INFO - There are 0 files in /opt/airflow/dags
[2024-07-08 14:44:05,559] {manager.py:690} INFO - Searching for files in /opt/airflow/dags
[2024-07-08 14:44:05,573] {manager.py:693} INFO - There are 0 files in /opt/airflow/dags
[2024-07-08 14:49:06,280] {manager.py:690} INFO - Searching for files in /opt/airflow/dags
[2024-07-08 14:49:06,288] {manager.py:693} INFO - There are 0 files in /opt/airflow/dags
[2024-07-08 14:54:07,033] {manager.py:690} INFO - Searching for files in /opt/airflow/dags
[2024-07-08 14:54:07,040] {manager.py:693} INFO - There are 0 files in /opt/airflow/dags
[2024-07-08 14:59:07,777] {manager.py:690} INFO - Searching for files in /opt/airflow/dags
[2024-07-08 14:59:07,783] {manager.py:693} INFO - There are 0 files in /opt/airflow/dags
[2024-07-08 15:04:08,513] {manager.py:690} INFO - Searching for files in /opt/airflow/dags
[2024-07-08 15:04:08,518] {manager.py:693} INFO - There are 0 files in /opt/airflow/dags
[2024-07-08 15:09:09,308] {manager.py:690} INFO - Searching for files in /opt/airflow/dags
[2024-07-08 15:09:09,315] {manager.py:693} INFO - There are 0 files in /opt/airflow/dags
[2024-07-08 15:14:10,078] {manager.py:690} INFO - Searching for files in /opt/airflow/dags
[2024-07-08 15:14:10,090] {manager.py:693} INFO - There are 0 files in /opt/airflow/dags
[2024-07-08 15:19:10,822] {manager.py:690} INFO - Searching for files in /opt/airflow/dags
[2024-07-08 15:19:10,829] {manager.py:693} INFO - There are 0 files in /opt/airflow/dags
[2024-07-08 15:24:11,532] {manager.py:690} INFO - Searching for files in /opt/airflow/dags
[2024-07-08 15:24:11,540] {manager.py:693} INFO - There are 0 files in /opt/airflow/dags
[2024-07-08 15:29:12,300] {manager.py:690} INFO - Searching for files in /opt/airflow/dags
[2024-07-08 15:29:12,316] {manager.py:693} INFO - There are 0 files in /opt/airflow/dags
[2024-07-08 15:34:13,031] {manager.py:690} INFO - Searching for files in /opt/airflow/dags
[2024-07-08 15:34:13,039] {manager.py:693} INFO - There are 0 files in /opt/airflow/dags
[2024-07-08 15:39:13,767] {manager.py:690} INFO - Searching for files in /opt/airflow/dags
[2024-07-08 15:39:13,774] {manager.py:693} INFO - There are 0 files in /opt/airflow/dags
[2024-07-08 15:44:14,495] {manager.py:690} INFO - Searching for files in /opt/airflow/dags
[2024-07-08 15:44:14,499] {manager.py:693} INFO - There are 0 files in /opt/airflow/dags
[2024-07-08 15:49:15,212] {manager.py:690} INFO - Searching for files in /opt/airflow/dags
[2024-07-08 15:49:15,220] {manager.py:693} INFO - There are 0 files in /opt/airflow/dags
[2024-07-08 15:54:15,932] {manager.py:690} INFO - Searching for files in /opt/airflow/dags
[2024-07-08 15:54:15,937] {manager.py:693} INFO - There are 0 files in /opt/airflow/dags
[2024-07-08 15:59:16,688] {manager.py:690} INFO - Searching for files in /opt/airflow/dags
[2024-07-08 15:59:16,694] {manager.py:693} INFO - There are 0 files in /opt/airflow/dags
[2024-07-08 16:04:17,418] {manager.py:690} INFO - Searching for files in /opt/airflow/dags
[2024-07-08 16:04:17,430] {manager.py:693} INFO - There are 0 files in /opt/airflow/dags
[2024-07-08 16:09:18,195] {manager.py:690} INFO - Searching for files in /opt/airflow/dags
[2024-07-08 16:09:18,201] {manager.py:693} INFO - There are 0 files in /opt/airflow/dags
[2024-07-08 16:14:19,007] {manager.py:690} INFO - Searching for files in /opt/airflow/dags
[2024-07-08 16:14:19,013] {manager.py:693} INFO - There are 0 files in /opt/airflow/dags
[2024-07-08 16:19:19,860] {manager.py:690} INFO - Searching for files in /opt/airflow/dags
[2024-07-08 16:19:19,937] {manager.py:693} INFO - There are 0 files in /opt/airflow/dags
[2024-07-08 16:24:20,730] {manager.py:690} INFO - Searching for files in /opt/airflow/dags
[2024-07-08 16:24:20,739] {manager.py:693} INFO - There are 0 files in /opt/airflow/dags
[2024-07-08 16:29:21,511] {manager.py:690} INFO - Searching for files in /opt/airflow/dags
[2024-07-08 16:29:21,518] {manager.py:693} INFO - There are 0 files in /opt/airflow/dags
[2024-07-08 16:34:22,244] {manager.py:690} INFO - Searching for files in /opt/airflow/dags
[2024-07-08 16:34:22,251] {manager.py:693} INFO - There are 0 files in /opt/airflow/dags
[2024-07-09 05:08:15,144] {manager.py:690} INFO - Searching for files in /opt/airflow/dags
[2024-07-09 05:08:16,980] {manager.py:693} INFO - There are 0 files in /opt/airflow/dags
[2024-07-09 05:13:15,613] {manager.py:690} INFO - Searching for files in /opt/airflow/dags
[2024-07-09 05:13:15,617] {manager.py:693} INFO - There are 0 files in /opt/airflow/dags
[2024-07-09 05:18:16,368] {manager.py:690} INFO - Searching for files in /opt/airflow/dags
[2024-07-09 05:18:16,375] {manager.py:693} INFO - There are 0 files in /opt/airflow/dags
[2024-07-09 05:23:17,073] {manager.py:690} INFO - Searching for files in /opt/airflow/dags
[2024-07-09 05:23:17,077] {manager.py:693} INFO - There are 0 files in /opt/airflow/dags
[2024-07-09 05:28:17,829] {manager.py:690} INFO - Searching for files in /opt/airflow/dags
[2024-07-09 05:28:17,836] {manager.py:693} INFO - There are 0 files in /opt/airflow/dags
[2024-07-09 05:33:18,606] {manager.py:690} INFO - Searching for files in /opt/airflow/dags
[2024-07-09 05:33:18,612] {manager.py:693} INFO - There are 0 files in /opt/airflow/dags
[2024-07-09 05:38:19,310] {manager.py:690} INFO - Searching for files in /opt/airflow/dags
[2024-07-09 05:38:19,319] {manager.py:693} INFO - There are 0 files in /opt/airflow/dags
[2024-07-09 05:43:20,020] {manager.py:690} INFO - Searching for files in /opt/airflow/dags
[2024-07-09 05:43:20,048] {manager.py:693} INFO - There are 0 files in /opt/airflow/dags
[2024-07-09 05:48:20,777] {manager.py:690} INFO - Searching for files in /opt/airflow/dags
[2024-07-09 05:48:20,782] {manager.py:693} INFO - There are 0 files in /opt/airflow/dags
[2024-07-09 05:53:21,549] {manager.py:690} INFO - Searching for files in /opt/airflow/dags
[2024-07-09 05:53:21,554] {manager.py:693} INFO - There are 0 files in /opt/airflow/dags
[2024-07-09 05:58:22,300] {manager.py:690} INFO - Searching for files in /opt/airflow/dags
[2024-07-09 05:58:22,305] {manager.py:693} INFO - There are 0 files in /opt/airflow/dags
[2024-07-09 06:03:23,034] {manager.py:690} INFO - Searching for files in /opt/airflow/dags
[2024-07-09 06:03:23,042] {manager.py:693} INFO - There are 0 files in /opt/airflow/dags
[2024-07-09 06:08:23,949] {manager.py:690} INFO - Searching for files in /opt/airflow/dags
[2024-07-09 06:08:23,964] {manager.py:693} INFO - There are 0 files in /opt/airflow/dags
[2024-07-09 06:13:24,759] {manager.py:690} INFO - Searching for files in /opt/airflow/dags
[2024-07-09 06:13:24,765] {manager.py:693} INFO - There are 0 files in /opt/airflow/dags
[2024-07-09 06:18:25,602] {manager.py:690} INFO - Searching for files in /opt/airflow/dags
[2024-07-09 06:18:25,608] {manager.py:693} INFO - There are 0 files in /opt/airflow/dags
[2024-07-09 06:23:26,541] {manager.py:690} INFO - Searching for files in /opt/airflow/dags
[2024-07-09 06:23:26,549] {manager.py:693} INFO - There are 0 files in /opt/airflow/dags
[2024-07-09 06:28:27,316] {manager.py:690} INFO - Searching for files in /opt/airflow/dags
[2024-07-09 06:28:27,323] {manager.py:693} INFO - There are 0 files in /opt/airflow/dags
[2024-07-09 06:33:28,084] {manager.py:690} INFO - Searching for files in /opt/airflow/dags
[2024-07-09 06:33:28,088] {manager.py:693} INFO - There are 0 files in /opt/airflow/dags
[2024-07-09 06:38:28,825] {manager.py:690} INFO - Searching for files in /opt/airflow/dags
[2024-07-09 06:38:28,834] {manager.py:693} INFO - There are 0 files in /opt/airflow/dags
[2024-07-09 06:43:29,585] {manager.py:690} INFO - Searching for files in /opt/airflow/dags
[2024-07-09 06:43:29,592] {manager.py:693} INFO - There are 0 files in /opt/airflow/dags
[2024-07-09 06:48:30,357] {manager.py:690} INFO - Searching for files in /opt/airflow/dags
[2024-07-09 06:48:30,363] {manager.py:693} INFO - There are 0 files in /opt/airflow/dags
[2024-07-09 06:53:31,117] {manager.py:690} INFO - Searching for files in /opt/airflow/dags
[2024-07-09 06:53:31,130] {manager.py:693} INFO - There are 0 files in /opt/airflow/dags
[2024-07-09 06:58:31,865] {manager.py:690} INFO - Searching for files in /opt/airflow/dags
[2024-07-09 06:58:31,872] {manager.py:693} INFO - There are 0 files in /opt/airflow/dags
[2024-07-09 07:03:32,612] {manager.py:690} INFO - Searching for files in /opt/airflow/dags
[2024-07-09 07:03:32,619] {manager.py:693} INFO - There are 0 files in /opt/airflow/dags
[2024-07-09 07:08:33,356] {manager.py:690} INFO - Searching for files in /opt/airflow/dags
[2024-07-09 07:08:33,361] {manager.py:693} INFO - There are 0 files in /opt/airflow/dags
[2024-07-09 07:13:34,094] {manager.py:690} INFO - Searching for files in /opt/airflow/dags
[2024-07-09 07:13:34,100] {manager.py:693} INFO - There are 0 files in /opt/airflow/dags
[2024-07-09 07:18:34,821] {manager.py:690} INFO - Searching for files in /opt/airflow/dags
[2024-07-09 07:18:34,827] {manager.py:693} INFO - There are 0 files in /opt/airflow/dags
[2024-07-09 07:23:35,566] {manager.py:690} INFO - Searching for files in /opt/airflow/dags
[2024-07-09 07:23:35,574] {manager.py:693} INFO - There are 0 files in /opt/airflow/dags
[2024-07-09 07:28:36,301] {manager.py:690} INFO - Searching for files in /opt/airflow/dags
[2024-07-09 07:28:36,308] {manager.py:693} INFO - There are 0 files in /opt/airflow/dags
[2024-07-09 07:33:37,086] {manager.py:690} INFO - Searching for files in /opt/airflow/dags
[2024-07-09 07:33:37,148] {manager.py:693} INFO - There are 0 files in /opt/airflow/dags
[2024-07-09 07:38:37,922] {manager.py:690} INFO - Searching for files in /opt/airflow/dags
[2024-07-09 07:38:37,936] {manager.py:693} INFO - There are 0 files in /opt/airflow/dags
[2024-07-09 07:43:38,631] {manager.py:690} INFO - Searching for files in /opt/airflow/dags
[2024-07-09 07:43:38,637] {manager.py:693} INFO - There are 0 files in /opt/airflow/dags
[2024-07-09 07:48:39,363] {manager.py:690} INFO - Searching for files in /opt/airflow/dags
[2024-07-09 07:48:39,370] {manager.py:693} INFO - There are 0 files in /opt/airflow/dags
[2024-07-09 07:53:40,076] {manager.py:690} INFO - Searching for files in /opt/airflow/dags
[2024-07-09 07:53:40,083] {manager.py:693} INFO - There are 0 files in /opt/airflow/dags
[2024-07-09 07:58:40,816] {manager.py:690} INFO - Searching for files in /opt/airflow/dags
[2024-07-09 07:58:40,823] {manager.py:693} INFO - There are 0 files in /opt/airflow/dags
[2024-07-09 08:03:41,531] {manager.py:690} INFO - Searching for files in /opt/airflow/dags
[2024-07-09 08:03:41,537] {manager.py:693} INFO - There are 0 files in /opt/airflow/dags
[2024-07-09 08:08:42,249] {manager.py:690} INFO - Searching for files in /opt/airflow/dags
[2024-07-09 08:08:42,255] {manager.py:693} INFO - There are 0 files in /opt/airflow/dags
[2024-07-09 08:13:43,017] {manager.py:690} INFO - Searching for files in /opt/airflow/dags
[2024-07-09 08:13:43,025] {manager.py:693} INFO - There are 0 files in /opt/airflow/dags
[2024-07-09 08:18:43,801] {manager.py:690} INFO - Searching for files in /opt/airflow/dags
[2024-07-09 08:18:43,808] {manager.py:693} INFO - There are 0 files in /opt/airflow/dags
[2024-07-09 08:23:44,567] {manager.py:690} INFO - Searching for files in /opt/airflow/dags
[2024-07-09 08:23:44,573] {manager.py:693} INFO - There are 0 files in /opt/airflow/dags
[2024-07-09 08:28:45,315] {manager.py:690} INFO - Searching for files in /opt/airflow/dags
[2024-07-09 08:28:45,319] {manager.py:693} INFO - There are 0 files in /opt/airflow/dags
[2024-07-09 08:33:46,077] {manager.py:690} INFO - Searching for files in /opt/airflow/dags
[2024-07-09 08:33:46,082] {manager.py:693} INFO - There are 0 files in /opt/airflow/dags
[2024-07-09 08:38:46,869] {manager.py:690} INFO - Searching for files in /opt/airflow/dags
[2024-07-09 08:38:46,879] {manager.py:693} INFO - There are 0 files in /opt/airflow/dags
[2024-07-09 08:43:47,664] {manager.py:690} INFO - Searching for files in /opt/airflow/dags
[2024-07-09 08:43:47,669] {manager.py:693} INFO - There are 0 files in /opt/airflow/dags
[2024-07-09 08:48:48,414] {manager.py:690} INFO - Searching for files in /opt/airflow/dags
[2024-07-09 08:48:48,420] {manager.py:693} INFO - There are 0 files in /opt/airflow/dags
[2024-07-09 08:53:49,176] {manager.py:690} INFO - Searching for files in /opt/airflow/dags
[2024-07-09 08:53:49,180] {manager.py:693} INFO - There are 0 files in /opt/airflow/dags
[2024-07-09 08:58:49,929] {manager.py:690} INFO - Searching for files in /opt/airflow/dags
[2024-07-09 08:58:49,940] {manager.py:693} INFO - There are 0 files in /opt/airflow/dags
[2024-07-09 09:03:50,694] {manager.py:690} INFO - Searching for files in /opt/airflow/dags
[2024-07-09 09:03:50,699] {manager.py:693} INFO - There are 0 files in /opt/airflow/dags
[2024-07-09 09:08:51,448] {manager.py:690} INFO - Searching for files in /opt/airflow/dags
[2024-07-09 09:08:51,455] {manager.py:693} INFO - There are 0 files in /opt/airflow/dags
[2024-07-09 09:13:52,231] {manager.py:690} INFO - Searching for files in /opt/airflow/dags
[2024-07-09 09:13:52,238] {manager.py:693} INFO - There are 0 files in /opt/airflow/dags
[2024-07-09 09:18:52,990] {manager.py:690} INFO - Searching for files in /opt/airflow/dags
[2024-07-09 09:18:52,995] {manager.py:693} INFO - There are 0 files in /opt/airflow/dags
[2024-07-09 09:23:53,744] {manager.py:690} INFO - Searching for files in /opt/airflow/dags
[2024-07-09 09:23:53,747] {manager.py:693} INFO - There are 0 files in /opt/airflow/dags
[2024-07-09 09:28:54,516] {manager.py:690} INFO - Searching for files in /opt/airflow/dags
[2024-07-09 09:28:54,523] {manager.py:693} INFO - There are 0 files in /opt/airflow/dags
[2024-07-09 09:33:55,241] {manager.py:690} INFO - Searching for files in /opt/airflow/dags
[2024-07-09 09:33:55,246] {manager.py:693} INFO - There are 0 files in /opt/airflow/dags
[2024-07-09 09:38:55,962] {manager.py:690} INFO - Searching for files in /opt/airflow/dags
[2024-07-09 09:38:55,966] {manager.py:693} INFO - There are 0 files in /opt/airflow/dags
[2024-07-09 09:43:56,719] {manager.py:690} INFO - Searching for files in /opt/airflow/dags
[2024-07-09 09:43:56,736] {manager.py:693} INFO - There are 0 files in /opt/airflow/dags
[2024-07-09 09:48:57,514] {manager.py:690} INFO - Searching for files in /opt/airflow/dags
[2024-07-09 09:48:57,518] {manager.py:693} INFO - There are 0 files in /opt/airflow/dags
[2024-07-09 09:53:58,307] {manager.py:690} INFO - Searching for files in /opt/airflow/dags
[2024-07-09 09:53:58,315] {manager.py:693} INFO - There are 0 files in /opt/airflow/dags
[2024-07-09 09:58:59,105] {manager.py:690} INFO - Searching for files in /opt/airflow/dags
[2024-07-09 09:58:59,119] {manager.py:693} INFO - There are 0 files in /opt/airflow/dags
[2024-07-09 10:03:59,907] {manager.py:690} INFO - Searching for files in /opt/airflow/dags
[2024-07-09 10:03:59,911] {manager.py:693} INFO - There are 0 files in /opt/airflow/dags
[2024-07-09 10:09:00,690] {manager.py:690} INFO - Searching for files in /opt/airflow/dags
[2024-07-09 10:09:00,701] {manager.py:693} INFO - There are 0 files in /opt/airflow/dags
[2024-07-09 10:14:01,484] {manager.py:690} INFO - Searching for files in /opt/airflow/dags
[2024-07-09 10:14:01,490] {manager.py:693} INFO - There are 0 files in /opt/airflow/dags
[2024-07-09 10:19:02,224] {manager.py:690} INFO - Searching for files in /opt/airflow/dags
[2024-07-09 10:19:02,232] {manager.py:693} INFO - There are 0 files in /opt/airflow/dags
[2024-07-09 10:24:03,053] {manager.py:690} INFO - Searching for files in /opt/airflow/dags
[2024-07-09 10:24:03,056] {manager.py:693} INFO - There are 0 files in /opt/airflow/dags
[2024-07-09 10:29:03,784] {manager.py:690} INFO - Searching for files in /opt/airflow/dags
[2024-07-09 10:29:03,788] {manager.py:693} INFO - There are 0 files in /opt/airflow/dags
[2024-07-09 10:34:04,540] {manager.py:690} INFO - Searching for files in /opt/airflow/dags
[2024-07-09 10:34:04,546] {manager.py:693} INFO - There are 0 files in /opt/airflow/dags
[2024-07-09 10:39:05,292] {manager.py:690} INFO - Searching for files in /opt/airflow/dags
[2024-07-09 10:39:05,297] {manager.py:693} INFO - There are 0 files in /opt/airflow/dags
[2024-07-09 10:44:06,057] {manager.py:690} INFO - Searching for files in /opt/airflow/dags
[2024-07-09 10:44:06,063] {manager.py:693} INFO - There are 0 files in /opt/airflow/dags
[2024-07-09 10:49:06,772] {manager.py:690} INFO - Searching for files in /opt/airflow/dags
[2024-07-09 10:49:06,776] {manager.py:693} INFO - There are 0 files in /opt/airflow/dags
[2024-07-09 10:54:07,534] {manager.py:690} INFO - Searching for files in /opt/airflow/dags
[2024-07-09 10:54:07,547] {manager.py:693} INFO - There are 0 files in /opt/airflow/dags
[2024-07-09 10:59:08,317] {manager.py:690} INFO - Searching for files in /opt/airflow/dags
[2024-07-09 10:59:08,324] {manager.py:693} INFO - There are 0 files in /opt/airflow/dags
[2024-07-09 11:04:09,081] {manager.py:690} INFO - Searching for files in /opt/airflow/dags
[2024-07-09 11:04:09,088] {manager.py:693} INFO - There are 0 files in /opt/airflow/dags
[2024-07-09 11:09:09,835] {manager.py:690} INFO - Searching for files in /opt/airflow/dags
[2024-07-09 11:09:09,841] {manager.py:693} INFO - There are 0 files in /opt/airflow/dags
[2024-07-09 11:14:10,654] {manager.py:690} INFO - Searching for files in /opt/airflow/dags
[2024-07-09 11:14:10,659] {manager.py:693} INFO - There are 0 files in /opt/airflow/dags
[2024-07-09 11:19:11,414] {manager.py:690} INFO - Searching for files in /opt/airflow/dags
[2024-07-09 11:19:11,432] {manager.py:693} INFO - There are 0 files in /opt/airflow/dags
[2024-07-09 11:24:12,201] {manager.py:690} INFO - Searching for files in /opt/airflow/dags
[2024-07-09 11:24:12,209] {manager.py:693} INFO - There are 0 files in /opt/airflow/dags
[2024-07-09 11:29:12,965] {manager.py:690} INFO - Searching for files in /opt/airflow/dags
[2024-07-09 11:29:12,994] {manager.py:693} INFO - There are 0 files in /opt/airflow/dags
[2024-07-09 11:34:13,762] {manager.py:690} INFO - Searching for files in /opt/airflow/dags
[2024-07-09 11:34:13,767] {manager.py:693} INFO - There are 0 files in /opt/airflow/dags
[2024-07-09 11:39:14,463] {manager.py:690} INFO - Searching for files in /opt/airflow/dags
[2024-07-09 11:39:14,470] {manager.py:693} INFO - There are 0 files in /opt/airflow/dags
[2024-07-09 11:44:15,203] {manager.py:690} INFO - Searching for files in /opt/airflow/dags
[2024-07-09 11:44:15,210] {manager.py:693} INFO - There are 0 files in /opt/airflow/dags
[2024-07-09 11:49:15,935] {manager.py:690} INFO - Searching for files in /opt/airflow/dags
[2024-07-09 11:49:15,939] {manager.py:693} INFO - There are 0 files in /opt/airflow/dags
[2024-07-09 11:54:16,680] {manager.py:690} INFO - Searching for files in /opt/airflow/dags
[2024-07-09 11:54:16,685] {manager.py:693} INFO - There are 0 files in /opt/airflow/dags
[2024-07-09 11:59:17,437] {manager.py:690} INFO - Searching for files in /opt/airflow/dags
[2024-07-09 11:59:17,441] {manager.py:693} INFO - There are 0 files in /opt/airflow/dags
[2024-07-09 12:04:18,186] {manager.py:690} INFO - Searching for files in /opt/airflow/dags
[2024-07-09 12:04:18,193] {manager.py:693} INFO - There are 0 files in /opt/airflow/dags
[2024-07-09 12:09:18,962] {manager.py:690} INFO - Searching for files in /opt/airflow/dags
[2024-07-09 12:09:18,969] {manager.py:693} INFO - There are 0 files in /opt/airflow/dags
[2024-07-09 12:14:19,767] {manager.py:690} INFO - Searching for files in /opt/airflow/dags
[2024-07-09 12:14:19,773] {manager.py:693} INFO - There are 0 files in /opt/airflow/dags
[2024-07-09 12:19:20,489] {manager.py:690} INFO - Searching for files in /opt/airflow/dags
[2024-07-09 12:19:20,496] {manager.py:693} INFO - There are 0 files in /opt/airflow/dags
[2024-07-09 12:24:21,220] {manager.py:690} INFO - Searching for files in /opt/airflow/dags
[2024-07-09 12:24:21,227] {manager.py:693} INFO - There are 0 files in /opt/airflow/dags
[2024-07-09 12:29:21,952] {manager.py:690} INFO - Searching for files in /opt/airflow/dags
[2024-07-09 12:29:21,958] {manager.py:693} INFO - There are 0 files in /opt/airflow/dags
[2024-07-09 12:34:22,682] {manager.py:690} INFO - Searching for files in /opt/airflow/dags
[2024-07-09 12:34:22,693] {manager.py:693} INFO - There are 0 files in /opt/airflow/dags
[2024-07-09 12:39:23,464] {manager.py:690} INFO - Searching for files in /opt/airflow/dags
[2024-07-09 12:39:23,474] {manager.py:693} INFO - There are 0 files in /opt/airflow/dags
[2024-07-09 12:44:24,289] {manager.py:690} INFO - Searching for files in /opt/airflow/dags
[2024-07-09 12:44:24,296] {manager.py:693} INFO - There are 0 files in /opt/airflow/dags
[2024-07-09 12:49:25,085] {manager.py:690} INFO - Searching for files in /opt/airflow/dags
[2024-07-09 12:49:25,091] {manager.py:693} INFO - There are 0 files in /opt/airflow/dags
[2024-07-09 12:54:25,916] {manager.py:690} INFO - Searching for files in /opt/airflow/dags
[2024-07-09 12:54:25,923] {manager.py:693} INFO - There are 0 files in /opt/airflow/dags
[2024-07-09 12:59:26,744] {manager.py:690} INFO - Searching for files in /opt/airflow/dags
[2024-07-09 12:59:26,780] {manager.py:693} INFO - There are 0 files in /opt/airflow/dags
[2024-07-09 13:04:27,523] {manager.py:690} INFO - Searching for files in /opt/airflow/dags
[2024-07-09 13:04:27,527] {manager.py:693} INFO - There are 0 files in /opt/airflow/dags
[2024-07-09 13:09:28,259] {manager.py:690} INFO - Searching for files in /opt/airflow/dags
[2024-07-09 13:09:28,264] {manager.py:693} INFO - There are 0 files in /opt/airflow/dags
[2024-07-09 13:14:29,030] {manager.py:690} INFO - Searching for files in /opt/airflow/dags
[2024-07-09 13:14:29,034] {manager.py:693} INFO - There are 0 files in /opt/airflow/dags
[2024-07-09 13:19:29,772] {manager.py:690} INFO - Searching for files in /opt/airflow/dags
[2024-07-09 13:19:29,777] {manager.py:693} INFO - There are 0 files in /opt/airflow/dags
[2024-07-09 13:24:30,537] {manager.py:690} INFO - Searching for files in /opt/airflow/dags
[2024-07-09 13:24:30,543] {manager.py:693} INFO - There are 0 files in /opt/airflow/dags
[2024-07-09 13:29:31,322] {manager.py:690} INFO - Searching for files in /opt/airflow/dags
[2024-07-09 13:29:31,326] {manager.py:693} INFO - There are 0 files in /opt/airflow/dags
[2024-07-09 13:34:32,057] {manager.py:690} INFO - Searching for files in /opt/airflow/dags
[2024-07-09 13:34:32,061] {manager.py:693} INFO - There are 0 files in /opt/airflow/dags
[2024-07-09 13:39:32,784] {manager.py:690} INFO - Searching for files in /opt/airflow/dags
[2024-07-09 13:39:32,791] {manager.py:693} INFO - There are 0 files in /opt/airflow/dags
[2024-07-09 13:44:33,546] {manager.py:690} INFO - Searching for files in /opt/airflow/dags
[2024-07-09 13:44:33,551] {manager.py:693} INFO - There are 0 files in /opt/airflow/dags
[2024-07-09 13:49:34,258] {manager.py:690} INFO - Searching for files in /opt/airflow/dags
[2024-07-09 13:49:34,263] {manager.py:693} INFO - There are 0 files in /opt/airflow/dags
[2024-07-09 13:54:35,026] {manager.py:690} INFO - Searching for files in /opt/airflow/dags
[2024-07-09 13:54:35,128] {manager.py:693} INFO - There are 0 files in /opt/airflow/dags
[2024-07-09 13:59:35,975] {manager.py:690} INFO - Searching for files in /opt/airflow/dags
[2024-07-09 13:59:35,982] {manager.py:693} INFO - There are 0 files in /opt/airflow/dags
[2024-07-09 14:04:36,723] {manager.py:690} INFO - Searching for files in /opt/airflow/dags
[2024-07-09 14:04:36,737] {manager.py:693} INFO - There are 0 files in /opt/airflow/dags
[2024-07-09 14:09:37,514] {manager.py:690} INFO - Searching for files in /opt/airflow/dags
[2024-07-09 14:09:37,519] {manager.py:693} INFO - There are 0 files in /opt/airflow/dags
[2024-07-09 14:14:38,327] {manager.py:690} INFO - Searching for files in /opt/airflow/dags
[2024-07-09 14:14:38,338] {manager.py:693} INFO - There are 0 files in /opt/airflow/dags
[2024-07-09 14:19:39,125] {manager.py:690} INFO - Searching for files in /opt/airflow/dags
[2024-07-09 14:19:39,132] {manager.py:693} INFO - There are 0 files in /opt/airflow/dags
[2024-07-09 14:24:39,879] {manager.py:690} INFO - Searching for files in /opt/airflow/dags
[2024-07-09 14:24:39,885] {manager.py:693} INFO - There are 0 files in /opt/airflow/dags
[2024-07-09 14:29:40,624] {manager.py:690} INFO - Searching for files in /opt/airflow/dags
[2024-07-09 14:29:40,630] {manager.py:693} INFO - There are 0 files in /opt/airflow/dags
[2024-07-09 14:34:41,373] {manager.py:690} INFO - Searching for files in /opt/airflow/dags
[2024-07-09 14:34:41,377] {manager.py:693} INFO - There are 0 files in /opt/airflow/dags
[2024-07-09 14:39:42,127] {manager.py:690} INFO - Searching for files in /opt/airflow/dags
[2024-07-09 14:39:42,139] {manager.py:693} INFO - There are 0 files in /opt/airflow/dags
[2024-07-09 14:44:42,895] {manager.py:690} INFO - Searching for files in /opt/airflow/dags
[2024-07-09 14:44:42,900] {manager.py:693} INFO - There are 0 files in /opt/airflow/dags
[2024-07-09 14:49:43,639] {manager.py:690} INFO - Searching for files in /opt/airflow/dags
[2024-07-09 14:49:43,644] {manager.py:693} INFO - There are 0 files in /opt/airflow/dags
[2024-07-09 14:54:44,371] {manager.py:690} INFO - Searching for files in /opt/airflow/dags
[2024-07-09 14:54:44,374] {manager.py:693} INFO - There are 0 files in /opt/airflow/dags
[2024-07-09 14:59:45,175] {manager.py:690} INFO - Searching for files in /opt/airflow/dags
[2024-07-09 14:59:45,180] {manager.py:693} INFO - There are 0 files in /opt/airflow/dags
[2024-07-09 15:04:46,036] {manager.py:690} INFO - Searching for files in /opt/airflow/dags
[2024-07-09 15:04:46,043] {manager.py:693} INFO - There are 0 files in /opt/airflow/dags
[2024-07-09 15:09:46,821] {manager.py:690} INFO - Searching for files in /opt/airflow/dags
[2024-07-09 15:09:46,828] {manager.py:693} INFO - There are 0 files in /opt/airflow/dags
[2024-07-09 15:14:47,686] {manager.py:690} INFO - Searching for files in /opt/airflow/dags
[2024-07-09 15:14:47,692] {manager.py:693} INFO - There are 0 files in /opt/airflow/dags
[2024-07-09 15:19:48,538] {manager.py:690} INFO - Searching for files in /opt/airflow/dags
[2024-07-09 15:19:48,543] {manager.py:693} INFO - There are 0 files in /opt/airflow/dags
[2024-07-09 15:24:49,258] {manager.py:690} INFO - Searching for files in /opt/airflow/dags
[2024-07-09 15:24:49,263] {manager.py:693} INFO - There are 0 files in /opt/airflow/dags
[2024-07-09 15:29:50,101] {manager.py:690} INFO - Searching for files in /opt/airflow/dags
[2024-07-09 15:29:50,105] {manager.py:693} INFO - There are 0 files in /opt/airflow/dags
[2024-07-09 15:34:50,862] {manager.py:690} INFO - Searching for files in /opt/airflow/dags
[2024-07-09 15:34:50,868] {manager.py:693} INFO - There are 0 files in /opt/airflow/dags
[2024-07-09 15:39:51,606] {manager.py:690} INFO - Searching for files in /opt/airflow/dags
[2024-07-09 15:39:51,610] {manager.py:693} INFO - There are 0 files in /opt/airflow/dags
[2024-07-09 15:44:52,331] {manager.py:690} INFO - Searching for files in /opt/airflow/dags
[2024-07-09 15:44:52,338] {manager.py:693} INFO - There are 0 files in /opt/airflow/dags
[2024-07-09 15:49:53,069] {manager.py:690} INFO - Searching for files in /opt/airflow/dags
[2024-07-09 15:49:53,085] {manager.py:693} INFO - There are 0 files in /opt/airflow/dags
[2024-07-09 15:54:53,847] {manager.py:690} INFO - Searching for files in /opt/airflow/dags
[2024-07-09 15:54:53,853] {manager.py:693} INFO - There are 0 files in /opt/airflow/dags
[2024-07-09 15:59:54,687] {manager.py:690} INFO - Searching for files in /opt/airflow/dags
[2024-07-09 15:59:54,692] {manager.py:693} INFO - There are 0 files in /opt/airflow/dags
[2024-07-09 16:04:55,421] {manager.py:690} INFO - Searching for files in /opt/airflow/dags
[2024-07-09 16:04:55,427] {manager.py:693} INFO - There are 0 files in /opt/airflow/dags
[2024-07-09 16:09:56,169] {manager.py:690} INFO - Searching for files in /opt/airflow/dags
[2024-07-09 16:09:56,174] {manager.py:693} INFO - There are 0 files in /opt/airflow/dags
[2024-07-09 16:14:56,921] {manager.py:690} INFO - Searching for files in /opt/airflow/dags
[2024-07-09 16:14:56,927] {manager.py:693} INFO - There are 0 files in /opt/airflow/dags
[2024-07-09 16:19:57,828] {manager.py:690} INFO - Searching for files in /opt/airflow/dags
[2024-07-09 16:19:57,838] {manager.py:693} INFO - There are 0 files in /opt/airflow/dags
[2024-07-09 16:24:58,584] {manager.py:690} INFO - Searching for files in /opt/airflow/dags
[2024-07-09 16:24:58,592] {manager.py:693} INFO - There are 0 files in /opt/airflow/dags
[2024-07-09 16:29:59,332] {manager.py:690} INFO - Searching for files in /opt/airflow/dags
[2024-07-09 16:29:59,340] {manager.py:693} INFO - There are 0 files in /opt/airflow/dags
[2024-07-09 16:35:00,114] {manager.py:690} INFO - Searching for files in /opt/airflow/dags
[2024-07-09 16:35:00,118] {manager.py:693} INFO - There are 0 files in /opt/airflow/dags
[2024-07-10 05:05:16,419] {manager.py:690} INFO - Searching for files in /opt/airflow/dags
[2024-07-10 05:05:27,693] {manager.py:693} INFO - There are 0 files in /opt/airflow/dags
[2024-07-10 05:10:17,291] {manager.py:690} INFO - Searching for files in /opt/airflow/dags
[2024-07-10 05:10:17,296] {manager.py:693} INFO - There are 0 files in /opt/airflow/dags
[2024-07-10 05:15:18,099] {manager.py:690} INFO - Searching for files in /opt/airflow/dags
[2024-07-10 05:15:18,151] {manager.py:693} INFO - There are 0 files in /opt/airflow/dags
[2024-07-10 05:20:18,908] {manager.py:690} INFO - Searching for files in /opt/airflow/dags
[2024-07-10 05:20:18,955] {manager.py:693} INFO - There are 0 files in /opt/airflow/dags
[2024-07-10 05:25:19,756] {manager.py:690} INFO - Searching for files in /opt/airflow/dags
[2024-07-10 05:25:19,771] {manager.py:693} INFO - There are 0 files in /opt/airflow/dags
[2024-07-10 05:30:20,516] {manager.py:690} INFO - Searching for files in /opt/airflow/dags
[2024-07-10 05:30:20,521] {manager.py:693} INFO - There are 0 files in /opt/airflow/dags
[2024-07-10 05:35:21,297] {manager.py:690} INFO - Searching for files in /opt/airflow/dags
[2024-07-10 05:35:21,306] {manager.py:693} INFO - There are 0 files in /opt/airflow/dags
[2024-07-10 05:40:22,041] {manager.py:690} INFO - Searching for files in /opt/airflow/dags
[2024-07-10 05:40:22,046] {manager.py:693} INFO - There are 0 files in /opt/airflow/dags
[2024-07-10 05:45:22,766] {manager.py:690} INFO - Searching for files in /opt/airflow/dags
[2024-07-10 05:45:22,784] {manager.py:693} INFO - There are 0 files in /opt/airflow/dags
[2024-07-10 05:50:23,525] {manager.py:690} INFO - Searching for files in /opt/airflow/dags
[2024-07-10 05:50:23,532] {manager.py:693} INFO - There are 0 files in /opt/airflow/dags
[2024-07-10 05:55:24,245] {manager.py:690} INFO - Searching for files in /opt/airflow/dags
[2024-07-10 05:55:24,252] {manager.py:693} INFO - There are 0 files in /opt/airflow/dags
[2024-07-10 06:00:24,991] {manager.py:690} INFO - Searching for files in /opt/airflow/dags
[2024-07-10 06:00:24,997] {manager.py:693} INFO - There are 0 files in /opt/airflow/dags
[2024-07-10 06:05:25,753] {manager.py:690} INFO - Searching for files in /opt/airflow/dags
[2024-07-10 06:05:25,776] {manager.py:693} INFO - There are 0 files in /opt/airflow/dags
[2024-07-10 06:10:26,635] {manager.py:690} INFO - Searching for files in /opt/airflow/dags
[2024-07-10 06:10:26,641] {manager.py:693} INFO - There are 0 files in /opt/airflow/dags
[2024-07-10 06:15:27,432] {manager.py:690} INFO - Searching for files in /opt/airflow/dags
[2024-07-10 06:15:27,435] {manager.py:693} INFO - There are 0 files in /opt/airflow/dags
[2024-07-10 06:20:28,195] {manager.py:690} INFO - Searching for files in /opt/airflow/dags
[2024-07-10 06:20:28,202] {manager.py:693} INFO - There are 0 files in /opt/airflow/dags
[2024-07-10 06:25:28,979] {manager.py:690} INFO - Searching for files in /opt/airflow/dags
[2024-07-10 06:25:28,990] {manager.py:693} INFO - There are 0 files in /opt/airflow/dags
[2024-07-10 06:30:29,754] {manager.py:690} INFO - Searching for files in /opt/airflow/dags
[2024-07-10 06:30:29,761] {manager.py:693} INFO - There are 0 files in /opt/airflow/dags
[2024-07-10 06:35:30,497] {manager.py:690} INFO - Searching for files in /opt/airflow/dags
[2024-07-10 06:35:30,503] {manager.py:693} INFO - There are 0 files in /opt/airflow/dags
[2024-07-10 06:40:31,249] {manager.py:690} INFO - Searching for files in /opt/airflow/dags
[2024-07-10 06:40:31,256] {manager.py:693} INFO - There are 0 files in /opt/airflow/dags
[2024-07-10 06:45:31,988] {manager.py:690} INFO - Searching for files in /opt/airflow/dags
[2024-07-10 06:45:31,995] {manager.py:693} INFO - There are 0 files in /opt/airflow/dags
[2024-07-10 06:50:32,762] {manager.py:690} INFO - Searching for files in /opt/airflow/dags
[2024-07-10 06:50:32,769] {manager.py:693} INFO - There are 0 files in /opt/airflow/dags
[2024-07-10 06:55:33,523] {manager.py:690} INFO - Searching for files in /opt/airflow/dags
[2024-07-10 06:55:33,530] {manager.py:693} INFO - There are 0 files in /opt/airflow/dags
[2024-07-10 07:00:34,298] {manager.py:690} INFO - Searching for files in /opt/airflow/dags
[2024-07-10 07:00:34,304] {manager.py:693} INFO - There are 0 files in /opt/airflow/dags
[2024-07-10 07:05:35,061] {manager.py:690} INFO - Searching for files in /opt/airflow/dags
[2024-07-10 07:05:35,074] {manager.py:693} INFO - There are 0 files in /opt/airflow/dags
[2024-07-10 07:10:35,777] {manager.py:690} INFO - Searching for files in /opt/airflow/dags
[2024-07-10 07:10:35,783] {manager.py:693} INFO - There are 0 files in /opt/airflow/dags
[2024-07-10 07:15:36,492] {manager.py:690} INFO - Searching for files in /opt/airflow/dags
[2024-07-10 07:15:36,500] {manager.py:693} INFO - There are 0 files in /opt/airflow/dags
[2024-07-10 07:20:37,209] {manager.py:690} INFO - Searching for files in /opt/airflow/dags
[2024-07-10 07:20:37,214] {manager.py:693} INFO - There are 0 files in /opt/airflow/dags
[2024-07-10 07:25:38,014] {manager.py:690} INFO - Searching for files in /opt/airflow/dags
[2024-07-10 07:25:38,024] {manager.py:693} INFO - There are 0 files in /opt/airflow/dags
[2024-07-10 07:30:38,882] {manager.py:690} INFO - Searching for files in /opt/airflow/dags
[2024-07-10 07:30:38,886] {manager.py:693} INFO - There are 0 files in /opt/airflow/dags
[2024-07-10 07:35:39,667] {manager.py:690} INFO - Searching for files in /opt/airflow/dags
[2024-07-10 07:35:39,674] {manager.py:693} INFO - There are 0 files in /opt/airflow/dags
[2024-07-10 07:40:40,429] {manager.py:690} INFO - Searching for files in /opt/airflow/dags
[2024-07-10 07:40:40,435] {manager.py:693} INFO - There are 0 files in /opt/airflow/dags
[2024-07-10 07:45:41,191] {manager.py:690} INFO - Searching for files in /opt/airflow/dags
[2024-07-10 07:45:41,196] {manager.py:693} INFO - There are 0 files in /opt/airflow/dags
[2024-07-10 07:50:41,970] {manager.py:690} INFO - Searching for files in /opt/airflow/dags
[2024-07-10 07:50:41,977] {manager.py:693} INFO - There are 0 files in /opt/airflow/dags
[2024-07-10 07:55:42,734] {manager.py:690} INFO - Searching for files in /opt/airflow/dags
[2024-07-10 07:55:42,745] {manager.py:693} INFO - There are 0 files in /opt/airflow/dags
[2024-07-10 08:00:43,493] {manager.py:690} INFO - Searching for files in /opt/airflow/dags
[2024-07-10 08:00:43,503] {manager.py:693} INFO - There are 0 files in /opt/airflow/dags
[2024-07-10 08:05:44,257] {manager.py:690} INFO - Searching for files in /opt/airflow/dags
[2024-07-10 08:05:44,260] {manager.py:693} INFO - There are 0 files in /opt/airflow/dags
[2024-07-10 08:10:45,019] {manager.py:690} INFO - Searching for files in /opt/airflow/dags
[2024-07-10 08:10:45,026] {manager.py:693} INFO - There are 0 files in /opt/airflow/dags
[2024-07-10 08:15:45,744] {manager.py:690} INFO - Searching for files in /opt/airflow/dags
[2024-07-10 08:15:45,747] {manager.py:693} INFO - There are 0 files in /opt/airflow/dags
[2024-07-10 08:20:46,507] {manager.py:690} INFO - Searching for files in /opt/airflow/dags
[2024-07-10 08:20:46,513] {manager.py:693} INFO - There are 0 files in /opt/airflow/dags
[2024-07-10 08:25:47,369] {manager.py:690} INFO - Searching for files in /opt/airflow/dags
[2024-07-10 08:25:47,391] {manager.py:693} INFO - There are 0 files in /opt/airflow/dags
[2024-07-10 08:30:48,134] {manager.py:690} INFO - Searching for files in /opt/airflow/dags
[2024-07-10 08:30:48,138] {manager.py:693} INFO - There are 0 files in /opt/airflow/dags
[2024-07-10 08:35:48,932] {manager.py:690} INFO - Searching for files in /opt/airflow/dags
[2024-07-10 08:35:48,939] {manager.py:693} INFO - There are 0 files in /opt/airflow/dags
[2024-07-10 08:40:49,740] {manager.py:690} INFO - Searching for files in /opt/airflow/dags
[2024-07-10 08:40:49,753] {manager.py:693} INFO - There are 0 files in /opt/airflow/dags
[2024-07-10 08:45:50,511] {manager.py:690} INFO - Searching for files in /opt/airflow/dags
[2024-07-10 08:45:50,516] {manager.py:693} INFO - There are 0 files in /opt/airflow/dags
[2024-07-10 08:50:51,313] {manager.py:690} INFO - Searching for files in /opt/airflow/dags
[2024-07-10 08:50:51,318] {manager.py:693} INFO - There are 0 files in /opt/airflow/dags
[2024-07-10 08:55:52,107] {manager.py:690} INFO - Searching for files in /opt/airflow/dags
[2024-07-10 08:55:52,114] {manager.py:693} INFO - There are 0 files in /opt/airflow/dags
[2024-07-10 09:00:52,882] {manager.py:690} INFO - Searching for files in /opt/airflow/dags
[2024-07-10 09:00:52,887] {manager.py:693} INFO - There are 0 files in /opt/airflow/dags
[2024-07-10 09:05:53,618] {manager.py:690} INFO - Searching for files in /opt/airflow/dags
[2024-07-10 09:05:53,621] {manager.py:693} INFO - There are 0 files in /opt/airflow/dags
[2024-07-10 09:10:54,391] {manager.py:690} INFO - Searching for files in /opt/airflow/dags
[2024-07-10 09:10:54,799] {manager.py:693} INFO - There are 0 files in /opt/airflow/dags
[2024-07-10 09:15:54,606] {manager.py:690} INFO - Searching for files in /opt/airflow/dags
[2024-07-10 09:15:54,612] {manager.py:693} INFO - There are 0 files in /opt/airflow/dags
[2024-07-10 09:20:55,472] {manager.py:690} INFO - Searching for files in /opt/airflow/dags
[2024-07-10 09:20:55,478] {manager.py:693} INFO - There are 0 files in /opt/airflow/dags
[2024-07-10 09:25:56,236] {manager.py:690} INFO - Searching for files in /opt/airflow/dags
[2024-07-10 09:25:56,241] {manager.py:693} INFO - There are 0 files in /opt/airflow/dags
[2024-07-10 09:30:57,002] {manager.py:690} INFO - Searching for files in /opt/airflow/dags
[2024-07-10 09:30:57,015] {manager.py:693} INFO - There are 0 files in /opt/airflow/dags
[2024-07-10 09:35:57,788] {manager.py:690} INFO - Searching for files in /opt/airflow/dags
[2024-07-10 09:35:57,795] {manager.py:693} INFO - There are 0 files in /opt/airflow/dags
[2024-07-10 09:40:58,622] {manager.py:690} INFO - Searching for files in /opt/airflow/dags
[2024-07-10 09:40:58,626] {manager.py:693} INFO - There are 0 files in /opt/airflow/dags
[2024-07-10 09:45:59,433] {manager.py:690} INFO - Searching for files in /opt/airflow/dags
[2024-07-10 09:45:59,439] {manager.py:693} INFO - There are 0 files in /opt/airflow/dags
[2024-07-10 09:51:00,197] {manager.py:690} INFO - Searching for files in /opt/airflow/dags
[2024-07-10 09:51:00,200] {manager.py:693} INFO - There are 0 files in /opt/airflow/dags
[2024-07-10 09:56:00,960] {manager.py:690} INFO - Searching for files in /opt/airflow/dags
[2024-07-10 09:56:00,966] {manager.py:693} INFO - There are 0 files in /opt/airflow/dags
[2024-07-10 10:01:01,688] {manager.py:690} INFO - Searching for files in /opt/airflow/dags
[2024-07-10 10:01:01,699] {manager.py:693} INFO - There are 0 files in /opt/airflow/dags
[2024-07-10 10:06:02,447] {manager.py:690} INFO - Searching for files in /opt/airflow/dags
[2024-07-10 10:06:02,452] {manager.py:693} INFO - There are 0 files in /opt/airflow/dags
[2024-07-10 10:11:03,231] {manager.py:690} INFO - Searching for files in /opt/airflow/dags
[2024-07-10 10:11:03,237] {manager.py:693} INFO - There are 0 files in /opt/airflow/dags
[2024-07-10 10:16:04,052] {manager.py:690} INFO - Searching for files in /opt/airflow/dags
[2024-07-10 10:16:04,055] {manager.py:693} INFO - There are 0 files in /opt/airflow/dags
[2024-07-10 10:21:04,811] {manager.py:690} INFO - Searching for files in /opt/airflow/dags
[2024-07-10 10:21:04,822] {manager.py:693} INFO - There are 0 files in /opt/airflow/dags
[2024-07-10 10:26:05,616] {manager.py:690} INFO - Searching for files in /opt/airflow/dags
[2024-07-10 10:26:05,660] {manager.py:693} INFO - There are 0 files in /opt/airflow/dags
[2024-07-10 10:31:06,408] {manager.py:690} INFO - Searching for files in /opt/airflow/dags
[2024-07-10 10:31:06,412] {manager.py:693} INFO - There are 0 files in /opt/airflow/dags
[2024-07-10 10:36:07,163] {manager.py:690} INFO - Searching for files in /opt/airflow/dags
[2024-07-10 10:36:07,170] {manager.py:693} INFO - There are 0 files in /opt/airflow/dags
[2024-07-10 10:41:07,949] {manager.py:690} INFO - Searching for files in /opt/airflow/dags
[2024-07-10 10:41:07,955] {manager.py:693} INFO - There are 0 files in /opt/airflow/dags
[2024-07-10 10:46:08,692] {manager.py:690} INFO - Searching for files in /opt/airflow/dags
[2024-07-10 10:46:08,702] {manager.py:693} INFO - There are 0 files in /opt/airflow/dags
[2024-07-10 10:51:09,461] {manager.py:690} INFO - Searching for files in /opt/airflow/dags
[2024-07-10 10:51:09,467] {manager.py:693} INFO - There are 0 files in /opt/airflow/dags
[2024-07-10 10:56:10,227] {manager.py:690} INFO - Searching for files in /opt/airflow/dags
[2024-07-10 10:56:10,233] {manager.py:693} INFO - There are 0 files in /opt/airflow/dags
[2024-07-10 11:01:10,960] {manager.py:690} INFO - Searching for files in /opt/airflow/dags
[2024-07-10 11:01:10,966] {manager.py:693} INFO - There are 0 files in /opt/airflow/dags
[2024-07-10 11:06:11,751] {manager.py:690} INFO - Searching for files in /opt/airflow/dags
[2024-07-10 11:06:11,759] {manager.py:693} INFO - There are 0 files in /opt/airflow/dags
[2024-07-10 11:11:12,535] {manager.py:690} INFO - Searching for files in /opt/airflow/dags
[2024-07-10 11:11:12,544] {manager.py:693} INFO - There are 0 files in /opt/airflow/dags
[2024-07-10 11:16:13,293] {manager.py:690} INFO - Searching for files in /opt/airflow/dags
[2024-07-10 11:16:13,298] {manager.py:693} INFO - There are 0 files in /opt/airflow/dags
[2024-07-10 11:21:14,061] {manager.py:690} INFO - Searching for files in /opt/airflow/dags
[2024-07-10 11:21:14,068] {manager.py:693} INFO - There are 0 files in /opt/airflow/dags
[2024-07-10 11:26:14,821] {manager.py:690} INFO - Searching for files in /opt/airflow/dags
[2024-07-10 11:26:14,826] {manager.py:693} INFO - There are 0 files in /opt/airflow/dags
[2024-07-10 11:31:15,581] {manager.py:690} INFO - Searching for files in /opt/airflow/dags
[2024-07-10 11:31:15,586] {manager.py:693} INFO - There are 0 files in /opt/airflow/dags
[2024-07-10 11:36:16,335] {manager.py:690} INFO - Searching for files in /opt/airflow/dags
[2024-07-10 11:36:16,341] {manager.py:693} INFO - There are 0 files in /opt/airflow/dags
[2024-07-10 11:41:17,123] {manager.py:690} INFO - Searching for files in /opt/airflow/dags
[2024-07-10 11:41:17,135] {manager.py:693} INFO - There are 0 files in /opt/airflow/dags
[2024-07-10 11:46:17,913] {manager.py:690} INFO - Searching for files in /opt/airflow/dags
[2024-07-10 11:46:17,919] {manager.py:693} INFO - There are 0 files in /opt/airflow/dags
[2024-07-10 11:51:18,671] {manager.py:690} INFO - Searching for files in /opt/airflow/dags
[2024-07-10 11:51:18,676] {manager.py:693} INFO - There are 0 files in /opt/airflow/dags
[2024-07-10 11:56:19,471] {manager.py:690} INFO - Searching for files in /opt/airflow/dags
[2024-07-10 11:56:19,475] {manager.py:693} INFO - There are 0 files in /opt/airflow/dags
[2024-07-10 12:01:20,221] {manager.py:690} INFO - Searching for files in /opt/airflow/dags
[2024-07-10 12:01:20,228] {manager.py:693} INFO - There are 0 files in /opt/airflow/dags
[2024-07-10 12:06:21,004] {manager.py:690} INFO - Searching for files in /opt/airflow/dags
[2024-07-10 12:06:21,009] {manager.py:693} INFO - There are 0 files in /opt/airflow/dags
[2024-07-10 12:11:21,784] {manager.py:690} INFO - Searching for files in /opt/airflow/dags
[2024-07-10 12:11:21,798] {manager.py:693} INFO - There are 0 files in /opt/airflow/dags
[2024-07-10 12:16:22,575] {manager.py:690} INFO - Searching for files in /opt/airflow/dags
[2024-07-10 12:16:22,580] {manager.py:693} INFO - There are 0 files in /opt/airflow/dags
[2024-07-10 12:21:23,302] {manager.py:690} INFO - Searching for files in /opt/airflow/dags
[2024-07-10 12:21:23,307] {manager.py:693} INFO - There are 0 files in /opt/airflow/dags
[2024-07-10 12:26:24,082] {manager.py:690} INFO - Searching for files in /opt/airflow/dags
[2024-07-10 12:26:24,089] {manager.py:693} INFO - There are 0 files in /opt/airflow/dags
[2024-07-10 12:31:24,832] {manager.py:690} INFO - Searching for files in /opt/airflow/dags
[2024-07-10 12:31:24,837] {manager.py:693} INFO - There are 0 files in /opt/airflow/dags
[2024-07-10 12:36:25,618] {manager.py:690} INFO - Searching for files in /opt/airflow/dags
[2024-07-10 12:36:25,627] {manager.py:693} INFO - There are 0 files in /opt/airflow/dags
[2024-07-10 12:41:26,402] {manager.py:690} INFO - Searching for files in /opt/airflow/dags
[2024-07-10 12:41:26,408] {manager.py:693} INFO - There are 0 files in /opt/airflow/dags
[2024-07-10 12:46:27,172] {manager.py:690} INFO - Searching for files in /opt/airflow/dags
[2024-07-10 12:46:27,178] {manager.py:693} INFO - There are 0 files in /opt/airflow/dags
[2024-07-10 12:51:27,975] {manager.py:690} INFO - Searching for files in /opt/airflow/dags
[2024-07-10 12:51:27,980] {manager.py:693} INFO - There are 0 files in /opt/airflow/dags
[2024-07-10 12:56:28,729] {manager.py:690} INFO - Searching for files in /opt/airflow/dags
[2024-07-10 12:56:28,740] {manager.py:693} INFO - There are 0 files in /opt/airflow/dags
[2024-07-10 13:01:29,516] {manager.py:690} INFO - Searching for files in /opt/airflow/dags
[2024-07-10 13:01:29,521] {manager.py:693} INFO - There are 0 files in /opt/airflow/dags
[2024-07-10 13:06:30,278] {manager.py:690} INFO - Searching for files in /opt/airflow/dags
[2024-07-10 13:06:30,282] {manager.py:693} INFO - There are 0 files in /opt/airflow/dags
[2024-07-10 13:11:31,075] {manager.py:690} INFO - Searching for files in /opt/airflow/dags
[2024-07-10 13:11:31,085] {manager.py:693} INFO - There are 0 files in /opt/airflow/dags
[2024-07-10 13:16:32,005] {manager.py:690} INFO - Searching for files in /opt/airflow/dags
[2024-07-10 13:16:32,010] {manager.py:693} INFO - There are 0 files in /opt/airflow/dags
[2024-07-10 13:21:32,736] {manager.py:690} INFO - Searching for files in /opt/airflow/dags
[2024-07-10 13:21:32,740] {manager.py:693} INFO - There are 0 files in /opt/airflow/dags
[2024-07-10 13:26:33,629] {manager.py:690} INFO - Searching for files in /opt/airflow/dags
[2024-07-10 13:26:33,636] {manager.py:693} INFO - There are 0 files in /opt/airflow/dags
[2024-07-10 13:31:34,347] {manager.py:690} INFO - Searching for files in /opt/airflow/dags
[2024-07-10 13:31:34,353] {manager.py:693} INFO - There are 0 files in /opt/airflow/dags
[2024-07-10 13:36:35,104] {manager.py:690} INFO - Searching for files in /opt/airflow/dags
[2024-07-10 13:36:35,109] {manager.py:693} INFO - There are 0 files in /opt/airflow/dags
[2024-07-10 13:41:35,905] {manager.py:690} INFO - Searching for files in /opt/airflow/dags
[2024-07-10 13:41:35,910] {manager.py:693} INFO - There are 0 files in /opt/airflow/dags
[2024-07-10 13:46:36,686] {manager.py:690} INFO - Searching for files in /opt/airflow/dags
[2024-07-10 13:46:36,693] {manager.py:693} INFO - There are 0 files in /opt/airflow/dags
[2024-07-10 13:51:37,449] {manager.py:690} INFO - Searching for files in /opt/airflow/dags
[2024-07-10 13:51:37,456] {manager.py:693} INFO - There are 0 files in /opt/airflow/dags
[2024-07-10 13:56:38,220] {manager.py:690} INFO - Searching for files in /opt/airflow/dags
[2024-07-10 13:56:38,225] {manager.py:693} INFO - There are 0 files in /opt/airflow/dags
[2024-07-10 14:01:38,967] {manager.py:690} INFO - Searching for files in /opt/airflow/dags
[2024-07-10 14:01:38,971] {manager.py:693} INFO - There are 0 files in /opt/airflow/dags
[2024-07-10 14:06:39,709] {manager.py:690} INFO - Searching for files in /opt/airflow/dags
[2024-07-10 14:06:39,713] {manager.py:693} INFO - There are 0 files in /opt/airflow/dags
[2024-07-10 14:11:40,481] {manager.py:690} INFO - Searching for files in /opt/airflow/dags
[2024-07-10 14:11:40,489] {manager.py:693} INFO - There are 0 files in /opt/airflow/dags
[2024-07-10 14:16:41,248] {manager.py:690} INFO - Searching for files in /opt/airflow/dags
[2024-07-10 14:16:41,252] {manager.py:693} INFO - There are 0 files in /opt/airflow/dags
[2024-07-10 14:21:41,955] {manager.py:690} INFO - Searching for files in /opt/airflow/dags
[2024-07-10 14:21:41,961] {manager.py:693} INFO - There are 0 files in /opt/airflow/dags
[2024-07-10 14:26:42,713] {manager.py:690} INFO - Searching for files in /opt/airflow/dags
[2024-07-10 14:26:42,719] {manager.py:693} INFO - There are 0 files in /opt/airflow/dags
[2024-07-10 14:31:43,516] {manager.py:690} INFO - Searching for files in /opt/airflow/dags
[2024-07-10 14:31:43,523] {manager.py:693} INFO - There are 0 files in /opt/airflow/dags
[2024-07-10 14:36:44,283] {manager.py:690} INFO - Searching for files in /opt/airflow/dags
[2024-07-10 14:36:44,290] {manager.py:693} INFO - There are 0 files in /opt/airflow/dags
[2024-07-10 14:41:45,094] {manager.py:690} INFO - Searching for files in /opt/airflow/dags
[2024-07-10 14:41:45,099] {manager.py:693} INFO - There are 0 files in /opt/airflow/dags
[2024-07-10 14:46:45,907] {manager.py:690} INFO - Searching for files in /opt/airflow/dags
[2024-07-10 14:46:45,911] {manager.py:693} INFO - There are 0 files in /opt/airflow/dags
[2024-07-10 14:51:46,691] {manager.py:690} INFO - Searching for files in /opt/airflow/dags
[2024-07-10 14:51:46,698] {manager.py:693} INFO - There are 0 files in /opt/airflow/dags
[2024-07-10 14:56:47,466] {manager.py:690} INFO - Searching for files in /opt/airflow/dags
[2024-07-10 14:56:47,479] {manager.py:693} INFO - There are 0 files in /opt/airflow/dags
[2024-07-10 15:01:48,273] {manager.py:690} INFO - Searching for files in /opt/airflow/dags
[2024-07-10 15:01:48,280] {manager.py:693} INFO - There are 0 files in /opt/airflow/dags
[2024-07-10 15:06:49,023] {manager.py:690} INFO - Searching for files in /opt/airflow/dags
[2024-07-10 15:06:49,057] {manager.py:693} INFO - There are 0 files in /opt/airflow/dags
[2024-07-10 15:11:49,857] {manager.py:690} INFO - Searching for files in /opt/airflow/dags
[2024-07-10 15:11:49,863] {manager.py:693} INFO - There are 0 files in /opt/airflow/dags
[2024-07-10 15:16:50,613] {manager.py:690} INFO - Searching for files in /opt/airflow/dags
[2024-07-10 15:16:50,624] {manager.py:693} INFO - There are 0 files in /opt/airflow/dags
[2024-07-10 15:21:51,365] {manager.py:690} INFO - Searching for files in /opt/airflow/dags
[2024-07-10 15:21:51,372] {manager.py:693} INFO - There are 0 files in /opt/airflow/dags
[2024-07-10 15:26:52,133] {manager.py:690} INFO - Searching for files in /opt/airflow/dags
[2024-07-10 15:26:52,139] {manager.py:693} INFO - There are 0 files in /opt/airflow/dags
[2024-07-10 15:31:52,918] {manager.py:690} INFO - Searching for files in /opt/airflow/dags
[2024-07-10 15:31:52,933] {manager.py:693} INFO - There are 0 files in /opt/airflow/dags
[2024-07-10 15:36:53,752] {manager.py:690} INFO - Searching for files in /opt/airflow/dags
[2024-07-10 15:36:53,756] {manager.py:693} INFO - There are 0 files in /opt/airflow/dags
[2024-07-10 15:41:54,519] {manager.py:690} INFO - Searching for files in /opt/airflow/dags
[2024-07-10 15:41:54,532] {manager.py:693} INFO - There are 0 files in /opt/airflow/dags
[2024-07-10 15:46:55,307] {manager.py:690} INFO - Searching for files in /opt/airflow/dags
[2024-07-10 15:46:55,312] {manager.py:693} INFO - There are 0 files in /opt/airflow/dags
[2024-07-10 15:51:56,081] {manager.py:690} INFO - Searching for files in /opt/airflow/dags
[2024-07-10 15:51:56,094] {manager.py:693} INFO - There are 0 files in /opt/airflow/dags
[2024-07-10 15:56:56,883] {manager.py:690} INFO - Searching for files in /opt/airflow/dags
[2024-07-10 15:56:56,893] {manager.py:693} INFO - There are 0 files in /opt/airflow/dags
[2024-07-10 16:01:57,685] {manager.py:690} INFO - Searching for files in /opt/airflow/dags
[2024-07-10 16:01:57,689] {manager.py:693} INFO - There are 0 files in /opt/airflow/dags
[2024-07-10 16:06:58,465] {manager.py:690} INFO - Searching for files in /opt/airflow/dags
[2024-07-10 16:06:58,471] {manager.py:693} INFO - There are 0 files in /opt/airflow/dags
[2024-07-10 16:11:59,261] {manager.py:690} INFO - Searching for files in /opt/airflow/dags
[2024-07-10 16:11:59,267] {manager.py:693} INFO - There are 0 files in /opt/airflow/dags
[2024-07-10 16:17:00,064] {manager.py:690} INFO - Searching for files in /opt/airflow/dags
[2024-07-10 16:17:00,069] {manager.py:693} INFO - There are 0 files in /opt/airflow/dags
[2024-07-10 16:22:00,807] {manager.py:690} INFO - Searching for files in /opt/airflow/dags
[2024-07-10 16:22:00,812] {manager.py:693} INFO - There are 0 files in /opt/airflow/dags
[2024-07-10 16:27:01,586] {manager.py:690} INFO - Searching for files in /opt/airflow/dags
[2024-07-10 16:27:01,592] {manager.py:693} INFO - There are 0 files in /opt/airflow/dags
[2024-07-10 16:32:02,312] {manager.py:690} INFO - Searching for files in /opt/airflow/dags
[2024-07-10 16:32:02,317] {manager.py:693} INFO - There are 0 files in /opt/airflow/dags
[2024-07-10 16:37:03,064] {manager.py:690} INFO - Searching for files in /opt/airflow/dags
[2024-07-10 16:37:03,070] {manager.py:693} INFO - There are 0 files in /opt/airflow/dags
[2024-07-11 05:07:42,518] {manager.py:690} INFO - Searching for files in /opt/airflow/dags
[2024-07-11 05:07:45,120] {manager.py:693} INFO - There are 0 files in /opt/airflow/dags
[2024-07-11 05:12:42,629] {manager.py:690} INFO - Searching for files in /opt/airflow/dags
[2024-07-11 05:12:42,634] {manager.py:693} INFO - There are 0 files in /opt/airflow/dags
[2024-07-11 05:17:43,410] {manager.py:690} INFO - Searching for files in /opt/airflow/dags
[2024-07-11 05:17:43,414] {manager.py:693} INFO - There are 0 files in /opt/airflow/dags
[2024-07-11 05:22:44,201] {manager.py:690} INFO - Searching for files in /opt/airflow/dags
[2024-07-11 05:22:44,210] {manager.py:693} INFO - There are 0 files in /opt/airflow/dags
[2024-07-11 05:27:44,988] {manager.py:690} INFO - Searching for files in /opt/airflow/dags
[2024-07-11 05:27:44,993] {manager.py:693} INFO - There are 0 files in /opt/airflow/dags
[2024-07-11 05:32:45,764] {manager.py:690} INFO - Searching for files in /opt/airflow/dags
[2024-07-11 05:32:45,768] {manager.py:693} INFO - There are 0 files in /opt/airflow/dags
[2024-07-11 05:37:46,562] {manager.py:690} INFO - Searching for files in /opt/airflow/dags
[2024-07-11 05:37:46,590] {manager.py:693} INFO - There are 0 files in /opt/airflow/dags
[2024-07-11 05:42:47,333] {manager.py:690} INFO - Searching for files in /opt/airflow/dags
[2024-07-11 05:42:47,340] {manager.py:693} INFO - There are 0 files in /opt/airflow/dags
[2024-07-11 05:47:48,113] {manager.py:690} INFO - Searching for files in /opt/airflow/dags
[2024-07-11 05:47:48,122] {manager.py:693} INFO - There are 0 files in /opt/airflow/dags
[2024-07-11 05:52:48,918] {manager.py:690} INFO - Searching for files in /opt/airflow/dags
[2024-07-11 05:52:48,923] {manager.py:693} INFO - There are 0 files in /opt/airflow/dags
[2024-07-11 05:57:49,695] {manager.py:690} INFO - Searching for files in /opt/airflow/dags
[2024-07-11 05:57:49,702] {manager.py:693} INFO - There are 0 files in /opt/airflow/dags
[2024-07-11 06:02:50,515] {manager.py:690} INFO - Searching for files in /opt/airflow/dags
[2024-07-11 06:02:50,531] {manager.py:693} INFO - There are 0 files in /opt/airflow/dags
[2024-07-11 06:07:51,403] {manager.py:690} INFO - Searching for files in /opt/airflow/dags
[2024-07-11 06:07:51,410] {manager.py:693} INFO - There are 0 files in /opt/airflow/dags
[2024-07-11 06:12:52,210] {manager.py:690} INFO - Searching for files in /opt/airflow/dags
[2024-07-11 06:12:52,214] {manager.py:693} INFO - There are 0 files in /opt/airflow/dags
[2024-07-11 06:17:52,939] {manager.py:690} INFO - Searching for files in /opt/airflow/dags
[2024-07-11 06:17:52,946] {manager.py:693} INFO - There are 0 files in /opt/airflow/dags
[2024-07-11 06:22:53,688] {manager.py:690} INFO - Searching for files in /opt/airflow/dags
[2024-07-11 06:22:53,695] {manager.py:693} INFO - There are 0 files in /opt/airflow/dags
[2024-07-11 06:27:54,433] {manager.py:690} INFO - Searching for files in /opt/airflow/dags
[2024-07-11 06:27:54,447] {manager.py:693} INFO - There are 0 files in /opt/airflow/dags
[2024-07-11 06:32:55,208] {manager.py:690} INFO - Searching for files in /opt/airflow/dags
[2024-07-11 06:32:55,215] {manager.py:693} INFO - There are 0 files in /opt/airflow/dags
[2024-07-11 06:37:55,939] {manager.py:690} INFO - Searching for files in /opt/airflow/dags
[2024-07-11 06:37:55,952] {manager.py:693} INFO - There are 0 files in /opt/airflow/dags
[2024-07-11 06:42:56,700] {manager.py:690} INFO - Searching for files in /opt/airflow/dags
[2024-07-11 06:42:56,710] {manager.py:693} INFO - There are 0 files in /opt/airflow/dags
[2024-07-11 06:47:57,496] {manager.py:690} INFO - Searching for files in /opt/airflow/dags
[2024-07-11 06:47:57,500] {manager.py:693} INFO - There are 0 files in /opt/airflow/dags
[2024-07-11 06:52:58,285] {manager.py:690} INFO - Searching for files in /opt/airflow/dags
[2024-07-11 06:52:58,307] {manager.py:693} INFO - There are 0 files in /opt/airflow/dags
[2024-07-11 06:57:59,115] {manager.py:690} INFO - Searching for files in /opt/airflow/dags
[2024-07-11 06:57:59,123] {manager.py:693} INFO - There are 0 files in /opt/airflow/dags
[2024-07-11 07:02:59,901] {manager.py:690} INFO - Searching for files in /opt/airflow/dags
[2024-07-11 07:02:59,914] {manager.py:693} INFO - There are 0 files in /opt/airflow/dags
[2024-07-11 07:08:00,759] {manager.py:690} INFO - Searching for files in /opt/airflow/dags
[2024-07-11 07:08:00,766] {manager.py:693} INFO - There are 0 files in /opt/airflow/dags
[2024-07-11 07:13:01,534] {manager.py:690} INFO - Searching for files in /opt/airflow/dags
[2024-07-11 07:13:01,539] {manager.py:693} INFO - There are 0 files in /opt/airflow/dags
[2024-07-11 07:18:02,322] {manager.py:690} INFO - Searching for files in /opt/airflow/dags
[2024-07-11 07:18:02,327] {manager.py:693} INFO - There are 0 files in /opt/airflow/dags
[2024-07-11 07:23:03,097] {manager.py:690} INFO - Searching for files in /opt/airflow/dags
[2024-07-11 07:23:03,102] {manager.py:693} INFO - There are 0 files in /opt/airflow/dags
[2024-07-11 07:28:03,850] {manager.py:690} INFO - Searching for files in /opt/airflow/dags
[2024-07-11 07:28:03,854] {manager.py:693} INFO - There are 0 files in /opt/airflow/dags
[2024-07-11 07:33:04,601] {manager.py:690} INFO - Searching for files in /opt/airflow/dags
[2024-07-11 07:33:04,608] {manager.py:693} INFO - There are 0 files in /opt/airflow/dags
[2024-07-11 07:38:05,331] {manager.py:690} INFO - Searching for files in /opt/airflow/dags
[2024-07-11 07:38:05,335] {manager.py:693} INFO - There are 0 files in /opt/airflow/dags
[2024-07-11 07:43:06,138] {manager.py:690} INFO - Searching for files in /opt/airflow/dags
[2024-07-11 07:43:06,149] {manager.py:693} INFO - There are 0 files in /opt/airflow/dags
[2024-07-11 07:48:06,901] {manager.py:690} INFO - Searching for files in /opt/airflow/dags
[2024-07-11 07:48:06,909] {manager.py:693} INFO - There are 0 files in /opt/airflow/dags
[2024-07-11 07:53:07,695] {manager.py:690} INFO - Searching for files in /opt/airflow/dags
[2024-07-11 07:53:07,698] {manager.py:693} INFO - There are 0 files in /opt/airflow/dags
[2024-07-11 07:58:08,524] {manager.py:690} INFO - Searching for files in /opt/airflow/dags
[2024-07-11 07:58:08,529] {manager.py:693} INFO - There are 0 files in /opt/airflow/dags
[2024-07-11 08:03:09,215] {manager.py:690} INFO - Searching for files in /opt/airflow/dags
[2024-07-11 08:03:09,220] {manager.py:693} INFO - There are 0 files in /opt/airflow/dags
[2024-07-11 08:08:09,947] {manager.py:690} INFO - Searching for files in /opt/airflow/dags
[2024-07-11 08:08:09,954] {manager.py:693} INFO - There are 0 files in /opt/airflow/dags
[2024-07-11 08:13:10,689] {manager.py:690} INFO - Searching for files in /opt/airflow/dags
[2024-07-11 08:13:10,695] {manager.py:693} INFO - There are 0 files in /opt/airflow/dags
[2024-07-11 08:18:11,414] {manager.py:690} INFO - Searching for files in /opt/airflow/dags
[2024-07-11 08:18:11,419] {manager.py:693} INFO - There are 0 files in /opt/airflow/dags
[2024-07-11 08:23:12,116] {manager.py:690} INFO - Searching for files in /opt/airflow/dags
[2024-07-11 08:23:12,123] {manager.py:693} INFO - There are 0 files in /opt/airflow/dags
[2024-07-11 08:28:12,945] {manager.py:690} INFO - Searching for files in /opt/airflow/dags
[2024-07-11 08:28:12,952] {manager.py:693} INFO - There are 0 files in /opt/airflow/dags
[2024-07-11 08:33:13,717] {manager.py:690} INFO - Searching for files in /opt/airflow/dags
[2024-07-11 08:33:13,722] {manager.py:693} INFO - There are 0 files in /opt/airflow/dags
[2024-07-11 08:38:14,485] {manager.py:690} INFO - Searching for files in /opt/airflow/dags
[2024-07-11 08:38:14,490] {manager.py:693} INFO - There are 0 files in /opt/airflow/dags
[2024-07-11 08:43:15,279] {manager.py:690} INFO - Searching for files in /opt/airflow/dags
[2024-07-11 08:43:15,289] {manager.py:693} INFO - There are 0 files in /opt/airflow/dags
[2024-07-11 08:48:16,101] {manager.py:690} INFO - Searching for files in /opt/airflow/dags
[2024-07-11 08:48:16,107] {manager.py:693} INFO - There are 0 files in /opt/airflow/dags
[2024-07-11 08:53:16,896] {manager.py:690} INFO - Searching for files in /opt/airflow/dags
[2024-07-11 08:53:16,901] {manager.py:693} INFO - There are 0 files in /opt/airflow/dags
[2024-07-11 08:58:17,676] {manager.py:690} INFO - Searching for files in /opt/airflow/dags
[2024-07-11 08:58:17,684] {manager.py:693} INFO - There are 0 files in /opt/airflow/dags
[2024-07-11 09:03:18,444] {manager.py:690} INFO - Searching for files in /opt/airflow/dags
[2024-07-11 09:03:18,714] {manager.py:693} INFO - There are 0 files in /opt/airflow/dags
[2024-07-11 09:08:18,694] {manager.py:690} INFO - Searching for files in /opt/airflow/dags
[2024-07-11 09:08:18,699] {manager.py:693} INFO - There are 0 files in /opt/airflow/dags
[2024-07-11 09:13:19,568] {manager.py:690} INFO - Searching for files in /opt/airflow/dags
[2024-07-11 09:13:19,575] {manager.py:693} INFO - There are 0 files in /opt/airflow/dags
[2024-07-11 09:18:20,361] {manager.py:690} INFO - Searching for files in /opt/airflow/dags
[2024-07-11 09:18:20,371] {manager.py:693} INFO - There are 0 files in /opt/airflow/dags
[2024-07-11 09:23:21,165] {manager.py:690} INFO - Searching for files in /opt/airflow/dags
[2024-07-11 09:23:21,183] {manager.py:693} INFO - There are 0 files in /opt/airflow/dags
[2024-07-11 09:28:21,959] {manager.py:690} INFO - Searching for files in /opt/airflow/dags
[2024-07-11 09:28:21,973] {manager.py:693} INFO - There are 0 files in /opt/airflow/dags
[2024-07-11 09:33:22,733] {manager.py:690} INFO - Searching for files in /opt/airflow/dags
[2024-07-11 09:33:22,739] {manager.py:693} INFO - There are 0 files in /opt/airflow/dags
[2024-07-11 09:38:23,500] {manager.py:690} INFO - Searching for files in /opt/airflow/dags
[2024-07-11 09:38:23,523] {manager.py:693} INFO - There are 0 files in /opt/airflow/dags
[2024-07-11 09:43:24,369] {manager.py:690} INFO - Searching for files in /opt/airflow/dags
[2024-07-11 09:43:24,374] {manager.py:693} INFO - There are 0 files in /opt/airflow/dags
[2024-07-11 09:48:25,200] {manager.py:690} INFO - Searching for files in /opt/airflow/dags
[2024-07-11 09:48:25,204] {manager.py:693} INFO - There are 0 files in /opt/airflow/dags
[2024-07-11 09:53:25,982] {manager.py:690} INFO - Searching for files in /opt/airflow/dags
[2024-07-11 09:53:25,987] {manager.py:693} INFO - There are 0 files in /opt/airflow/dags
[2024-07-11 09:58:26,803] {manager.py:690} INFO - Searching for files in /opt/airflow/dags
[2024-07-11 09:58:26,808] {manager.py:693} INFO - There are 0 files in /opt/airflow/dags
[2024-07-11 10:04:28,957] {manager.py:690} INFO - Searching for files in /opt/airflow/dags
[2024-07-11 10:04:32,403] {manager.py:693} INFO - There are 0 files in /opt/airflow/dags
[2024-07-11 10:09:29,718] {manager.py:690} INFO - Searching for files in /opt/airflow/dags
[2024-07-11 10:09:29,722] {manager.py:693} INFO - There are 0 files in /opt/airflow/dags
[2024-07-11 10:14:30,496] {manager.py:690} INFO - Searching for files in /opt/airflow/dags
[2024-07-11 10:14:30,508] {manager.py:693} INFO - There are 0 files in /opt/airflow/dags
[2024-07-11 10:19:31,319] {manager.py:690} INFO - Searching for files in /opt/airflow/dags
[2024-07-11 10:19:31,326] {manager.py:693} INFO - There are 0 files in /opt/airflow/dags
[2024-07-11 10:24:32,097] {manager.py:690} INFO - Searching for files in /opt/airflow/dags
[2024-07-11 10:24:32,101] {manager.py:693} INFO - There are 0 files in /opt/airflow/dags
[2024-07-11 10:29:32,856] {manager.py:690} INFO - Searching for files in /opt/airflow/dags
[2024-07-11 10:29:32,872] {manager.py:693} INFO - There are 0 files in /opt/airflow/dags
[2024-07-11 10:34:33,673] {manager.py:690} INFO - Searching for files in /opt/airflow/dags
[2024-07-11 10:34:33,678] {manager.py:693} INFO - There are 0 files in /opt/airflow/dags
[2024-07-11 10:39:34,465] {manager.py:690} INFO - Searching for files in /opt/airflow/dags
[2024-07-11 10:39:34,480] {manager.py:693} INFO - There are 0 files in /opt/airflow/dags
[2024-07-11 10:44:35,312] {manager.py:690} INFO - Searching for files in /opt/airflow/dags
[2024-07-11 10:44:35,321] {manager.py:693} INFO - There are 0 files in /opt/airflow/dags
[2024-07-11 10:49:36,133] {manager.py:690} INFO - Searching for files in /opt/airflow/dags
[2024-07-11 10:49:36,148] {manager.py:693} INFO - There are 0 files in /opt/airflow/dags
[2024-07-11 10:54:36,931] {manager.py:690} INFO - Searching for files in /opt/airflow/dags
[2024-07-11 10:54:36,943] {manager.py:693} INFO - There are 0 files in /opt/airflow/dags
[2024-07-11 10:59:37,726] {manager.py:690} INFO - Searching for files in /opt/airflow/dags
[2024-07-11 10:59:37,733] {manager.py:693} INFO - There are 0 files in /opt/airflow/dags
[2024-07-11 11:04:37,867] {manager.py:690} INFO - Searching for files in /opt/airflow/dags
[2024-07-11 11:04:37,883] {manager.py:693} INFO - There are 0 files in /opt/airflow/dags
[2024-07-11 11:09:38,790] {manager.py:690} INFO - Searching for files in /opt/airflow/dags
[2024-07-11 11:09:38,803] {manager.py:693} INFO - There are 0 files in /opt/airflow/dags
[2024-07-11 11:14:39,755] {manager.py:690} INFO - Searching for files in /opt/airflow/dags
[2024-07-11 11:14:39,764] {manager.py:693} INFO - There are 0 files in /opt/airflow/dags
[2024-07-11 11:19:40,673] {manager.py:690} INFO - Searching for files in /opt/airflow/dags
[2024-07-11 11:19:40,684] {manager.py:693} INFO - There are 0 files in /opt/airflow/dags
[2024-07-11 11:24:41,625] {manager.py:690} INFO - Searching for files in /opt/airflow/dags
[2024-07-11 11:24:41,639] {manager.py:693} INFO - There are 0 files in /opt/airflow/dags
[2024-07-11 11:29:42,545] {manager.py:690} INFO - Searching for files in /opt/airflow/dags
[2024-07-11 11:29:42,553] {manager.py:693} INFO - There are 0 files in /opt/airflow/dags
[2024-07-11 11:34:43,452] {manager.py:690} INFO - Searching for files in /opt/airflow/dags
[2024-07-11 11:34:43,459] {manager.py:693} INFO - There are 0 files in /opt/airflow/dags
[2024-07-11 11:39:44,377] {manager.py:690} INFO - Searching for files in /opt/airflow/dags
[2024-07-11 11:39:44,386] {manager.py:693} INFO - There are 0 files in /opt/airflow/dags
[2024-07-11 11:44:45,239] {manager.py:690} INFO - Searching for files in /opt/airflow/dags
[2024-07-11 11:44:45,245] {manager.py:693} INFO - There are 0 files in /opt/airflow/dags
[2024-07-11 11:49:46,091] {manager.py:690} INFO - Searching for files in /opt/airflow/dags
[2024-07-11 11:49:46,095] {manager.py:693} INFO - There are 0 files in /opt/airflow/dags
[2024-07-11 11:54:46,918] {manager.py:690} INFO - Searching for files in /opt/airflow/dags
[2024-07-11 11:54:46,928] {manager.py:693} INFO - There are 0 files in /opt/airflow/dags
[2024-07-11 11:59:47,774] {manager.py:690} INFO - Searching for files in /opt/airflow/dags
[2024-07-11 11:59:47,781] {manager.py:693} INFO - There are 0 files in /opt/airflow/dags
[2024-07-11 12:04:48,560] {manager.py:690} INFO - Searching for files in /opt/airflow/dags
[2024-07-11 12:04:48,617] {manager.py:693} INFO - There are 0 files in /opt/airflow/dags
[2024-07-11 12:09:49,469] {manager.py:690} INFO - Searching for files in /opt/airflow/dags
[2024-07-11 12:09:49,475] {manager.py:693} INFO - There are 0 files in /opt/airflow/dags
[2024-07-11 12:14:50,394] {manager.py:690} INFO - Searching for files in /opt/airflow/dags
[2024-07-11 12:14:50,403] {manager.py:693} INFO - There are 0 files in /opt/airflow/dags
[2024-07-11 12:19:51,317] {manager.py:690} INFO - Searching for files in /opt/airflow/dags
[2024-07-11 12:19:51,323] {manager.py:693} INFO - There are 0 files in /opt/airflow/dags
[2024-07-11 12:24:52,216] {manager.py:690} INFO - Searching for files in /opt/airflow/dags
[2024-07-11 12:24:52,226] {manager.py:693} INFO - There are 0 files in /opt/airflow/dags
[2024-07-11 12:29:53,108] {manager.py:690} INFO - Searching for files in /opt/airflow/dags
[2024-07-11 12:29:53,113] {manager.py:693} INFO - There are 0 files in /opt/airflow/dags
[2024-07-11 12:34:54,019] {manager.py:690} INFO - Searching for files in /opt/airflow/dags
[2024-07-11 12:34:54,039] {manager.py:693} INFO - There are 0 files in /opt/airflow/dags
[2024-07-11 12:39:54,050] {manager.py:690} INFO - Searching for files in /opt/airflow/dags
[2024-07-11 12:39:54,068] {manager.py:693} INFO - There are 0 files in /opt/airflow/dags
[2024-07-11 12:44:54,999] {manager.py:690} INFO - Searching for files in /opt/airflow/dags
[2024-07-11 12:44:55,010] {manager.py:693} INFO - There are 0 files in /opt/airflow/dags
[2024-07-11 12:49:55,916] {manager.py:690} INFO - Searching for files in /opt/airflow/dags
[2024-07-11 12:49:55,932] {manager.py:693} INFO - There are 0 files in /opt/airflow/dags
[2024-07-11 12:54:56,896] {manager.py:690} INFO - Searching for files in /opt/airflow/dags
[2024-07-11 12:54:56,903] {manager.py:693} INFO - There are 0 files in /opt/airflow/dags
[2024-07-11 12:59:57,846] {manager.py:690} INFO - Searching for files in /opt/airflow/dags
[2024-07-11 12:59:57,864] {manager.py:693} INFO - There are 0 files in /opt/airflow/dags
[2024-07-11 13:04:58,797] {manager.py:690} INFO - Searching for files in /opt/airflow/dags
[2024-07-11 13:04:58,817] {manager.py:693} INFO - There are 0 files in /opt/airflow/dags
[2024-07-11 13:09:59,776] {manager.py:690} INFO - Searching for files in /opt/airflow/dags
[2024-07-11 13:09:59,781] {manager.py:693} INFO - There are 0 files in /opt/airflow/dags
[2024-07-11 13:15:00,663] {manager.py:690} INFO - Searching for files in /opt/airflow/dags
[2024-07-11 13:15:00,680] {manager.py:693} INFO - There are 0 files in /opt/airflow/dags
[2024-07-11 13:20:00,756] {manager.py:690} INFO - Searching for files in /opt/airflow/dags
[2024-07-11 13:20:00,761] {manager.py:693} INFO - There are 0 files in /opt/airflow/dags
[2024-07-11 13:25:01,678] {manager.py:690} INFO - Searching for files in /opt/airflow/dags
[2024-07-11 13:25:01,683] {manager.py:693} INFO - There are 0 files in /opt/airflow/dags
[2024-07-11 13:30:02,599] {manager.py:690} INFO - Searching for files in /opt/airflow/dags
[2024-07-11 13:30:02,605] {manager.py:693} INFO - There are 0 files in /opt/airflow/dags
[2024-07-11 13:35:03,500] {manager.py:690} INFO - Searching for files in /opt/airflow/dags
[2024-07-11 13:35:03,518] {manager.py:693} INFO - There are 0 files in /opt/airflow/dags
[2024-07-11 13:40:04,461] {manager.py:690} INFO - Searching for files in /opt/airflow/dags
[2024-07-11 13:40:04,485] {manager.py:693} INFO - There are 0 files in /opt/airflow/dags
[2024-07-11 13:45:05,353] {manager.py:690} INFO - Searching for files in /opt/airflow/dags
[2024-07-11 13:45:05,369] {manager.py:693} INFO - There are 0 files in /opt/airflow/dags
[2024-07-11 13:50:05,364] {manager.py:690} INFO - Searching for files in /opt/airflow/dags
[2024-07-11 13:50:05,374] {manager.py:693} INFO - There are 0 files in /opt/airflow/dags
[2024-07-11 13:55:06,301] {manager.py:690} INFO - Searching for files in /opt/airflow/dags
[2024-07-11 13:55:06,311] {manager.py:693} INFO - There are 0 files in /opt/airflow/dags
[2024-07-11 14:00:07,241] {manager.py:690} INFO - Searching for files in /opt/airflow/dags
[2024-07-11 14:00:07,252] {manager.py:693} INFO - There are 0 files in /opt/airflow/dags
[2024-07-11 14:05:07,268] {manager.py:690} INFO - Searching for files in /opt/airflow/dags
[2024-07-11 14:05:07,273] {manager.py:693} INFO - There are 0 files in /opt/airflow/dags
[2024-07-11 14:19:01,299] {manager.py:690} INFO - Searching for files in /opt/airflow/dags
[2024-07-11 14:19:05,740] {manager.py:693} INFO - There are 0 files in /opt/airflow/dags
[2024-07-11 14:24:01,519] {manager.py:690} INFO - Searching for files in /opt/airflow/dags
[2024-07-11 14:24:01,525] {manager.py:693} INFO - There are 0 files in /opt/airflow/dags
[2024-07-11 14:29:02,226] {manager.py:690} INFO - Searching for files in /opt/airflow/dags
[2024-07-11 14:29:02,232] {manager.py:693} INFO - There are 0 files in /opt/airflow/dags
[2024-07-11 14:34:03,026] {manager.py:690} INFO - Searching for files in /opt/airflow/dags
[2024-07-11 14:34:03,034] {manager.py:693} INFO - There are 0 files in /opt/airflow/dags
[2024-07-11 14:39:03,815] {manager.py:690} INFO - Searching for files in /opt/airflow/dags
[2024-07-11 14:39:03,819] {manager.py:693} INFO - There are 0 files in /opt/airflow/dags
[2024-07-11 14:44:04,608] {manager.py:690} INFO - Searching for files in /opt/airflow/dags
[2024-07-11 14:44:04,615] {manager.py:693} INFO - There are 0 files in /opt/airflow/dags
[2024-07-11 14:49:05,376] {manager.py:690} INFO - Searching for files in /opt/airflow/dags
[2024-07-11 14:49:05,391] {manager.py:693} INFO - There are 0 files in /opt/airflow/dags
[2024-07-11 14:54:06,184] {manager.py:690} INFO - Searching for files in /opt/airflow/dags
[2024-07-11 14:54:06,188] {manager.py:693} INFO - There are 0 files in /opt/airflow/dags
[2024-07-11 14:59:06,943] {manager.py:690} INFO - Searching for files in /opt/airflow/dags
[2024-07-11 14:59:06,949] {manager.py:693} INFO - There are 0 files in /opt/airflow/dags
[2024-07-11 15:04:07,756] {manager.py:690} INFO - Searching for files in /opt/airflow/dags
[2024-07-11 15:04:07,763] {manager.py:693} INFO - There are 0 files in /opt/airflow/dags
[2024-07-11 15:09:08,584] {manager.py:690} INFO - Searching for files in /opt/airflow/dags
[2024-07-11 15:09:08,588] {manager.py:693} INFO - There are 0 files in /opt/airflow/dags
[2024-07-11 15:14:09,417] {manager.py:690} INFO - Searching for files in /opt/airflow/dags
[2024-07-11 15:14:09,422] {manager.py:693} INFO - There are 0 files in /opt/airflow/dags
[2024-07-11 15:19:10,180] {manager.py:690} INFO - Searching for files in /opt/airflow/dags
[2024-07-11 15:19:10,187] {manager.py:693} INFO - There are 0 files in /opt/airflow/dags
[2024-07-11 15:24:11,002] {manager.py:690} INFO - Searching for files in /opt/airflow/dags
[2024-07-11 15:24:11,009] {manager.py:693} INFO - There are 0 files in /opt/airflow/dags
[2024-07-11 15:29:11,788] {manager.py:690} INFO - Searching for files in /opt/airflow/dags
[2024-07-11 15:29:11,797] {manager.py:693} INFO - There are 0 files in /opt/airflow/dags
[2024-07-11 15:34:12,543] {manager.py:690} INFO - Searching for files in /opt/airflow/dags
[2024-07-11 15:34:12,551] {manager.py:693} INFO - There are 0 files in /opt/airflow/dags
[2024-07-11 15:39:13,344] {manager.py:690} INFO - Searching for files in /opt/airflow/dags
[2024-07-11 15:39:13,368] {manager.py:693} INFO - There are 0 files in /opt/airflow/dags
[2024-07-11 15:44:14,146] {manager.py:690} INFO - Searching for files in /opt/airflow/dags
[2024-07-11 15:44:14,150] {manager.py:693} INFO - There are 0 files in /opt/airflow/dags
[2024-07-11 15:49:14,952] {manager.py:690} INFO - Searching for files in /opt/airflow/dags
[2024-07-11 15:49:14,956] {manager.py:693} INFO - There are 0 files in /opt/airflow/dags
[2024-07-11 15:54:15,724] {manager.py:690} INFO - Searching for files in /opt/airflow/dags
[2024-07-11 15:54:15,730] {manager.py:693} INFO - There are 0 files in /opt/airflow/dags
[2024-07-11 15:59:15,797] {manager.py:690} INFO - Searching for files in /opt/airflow/dags
[2024-07-11 15:59:15,803] {manager.py:693} INFO - There are 0 files in /opt/airflow/dags
[2024-07-11 16:04:16,546] {manager.py:690} INFO - Searching for files in /opt/airflow/dags
[2024-07-11 16:04:16,558] {manager.py:693} INFO - There are 0 files in /opt/airflow/dags
[2024-07-11 16:09:17,482] {manager.py:690} INFO - Searching for files in /opt/airflow/dags
[2024-07-11 16:09:17,489] {manager.py:693} INFO - There are 0 files in /opt/airflow/dags
[2024-07-12 05:03:07,758] {manager.py:690} INFO - Searching for files in /opt/airflow/dags
[2024-07-12 05:03:09,595] {manager.py:693} INFO - There are 0 files in /opt/airflow/dags
[2024-07-12 05:08:08,126] {manager.py:690} INFO - Searching for files in /opt/airflow/dags
[2024-07-12 05:08:08,132] {manager.py:693} INFO - There are 0 files in /opt/airflow/dags
[2024-07-12 05:13:08,864] {manager.py:690} INFO - Searching for files in /opt/airflow/dags
[2024-07-12 05:13:08,868] {manager.py:693} INFO - There are 0 files in /opt/airflow/dags
[2024-07-12 05:18:09,620] {manager.py:690} INFO - Searching for files in /opt/airflow/dags
[2024-07-12 05:18:09,625] {manager.py:693} INFO - There are 0 files in /opt/airflow/dags
[2024-07-12 05:23:10,617] {manager.py:690} INFO - Searching for files in /opt/airflow/dags
[2024-07-12 05:23:10,898] {manager.py:693} INFO - There are 0 files in /opt/airflow/dags
[2024-07-12 05:28:11,013] {manager.py:690} INFO - Searching for files in /opt/airflow/dags
[2024-07-12 05:28:11,018] {manager.py:693} INFO - There are 0 files in /opt/airflow/dags
[2024-07-12 05:33:11,758] {manager.py:690} INFO - Searching for files in /opt/airflow/dags
[2024-07-12 05:33:11,763] {manager.py:693} INFO - There are 0 files in /opt/airflow/dags
[2024-07-12 05:38:12,551] {manager.py:690} INFO - Searching for files in /opt/airflow/dags
[2024-07-12 05:38:12,557] {manager.py:693} INFO - There are 0 files in /opt/airflow/dags
[2024-07-12 05:43:13,278] {manager.py:690} INFO - Searching for files in /opt/airflow/dags
[2024-07-12 05:43:13,291] {manager.py:693} INFO - There are 0 files in /opt/airflow/dags
[2024-07-12 05:48:14,052] {manager.py:690} INFO - Searching for files in /opt/airflow/dags
[2024-07-12 05:48:14,058] {manager.py:693} INFO - There are 0 files in /opt/airflow/dags
[2024-07-12 05:53:14,778] {manager.py:690} INFO - Searching for files in /opt/airflow/dags
[2024-07-12 05:53:14,785] {manager.py:693} INFO - There are 0 files in /opt/airflow/dags
[2024-07-12 05:58:15,569] {manager.py:690} INFO - Searching for files in /opt/airflow/dags
[2024-07-12 05:58:15,577] {manager.py:693} INFO - There are 0 files in /opt/airflow/dags
[2024-07-12 06:03:16,339] {manager.py:690} INFO - Searching for files in /opt/airflow/dags
[2024-07-12 06:03:16,348] {manager.py:693} INFO - There are 0 files in /opt/airflow/dags
[2024-07-12 06:08:17,171] {manager.py:690} INFO - Searching for files in /opt/airflow/dags
[2024-07-12 06:08:17,194] {manager.py:693} INFO - There are 0 files in /opt/airflow/dags
[2024-07-12 06:13:17,964] {manager.py:690} INFO - Searching for files in /opt/airflow/dags
[2024-07-12 06:13:17,969] {manager.py:693} INFO - There are 0 files in /opt/airflow/dags
[2024-07-12 06:18:18,753] {manager.py:690} INFO - Searching for files in /opt/airflow/dags
[2024-07-12 06:18:18,767] {manager.py:693} INFO - There are 0 files in /opt/airflow/dags
[2024-07-12 06:23:19,528] {manager.py:690} INFO - Searching for files in /opt/airflow/dags
[2024-07-12 06:23:19,538] {manager.py:693} INFO - There are 0 files in /opt/airflow/dags
[2024-07-12 06:28:20,291] {manager.py:690} INFO - Searching for files in /opt/airflow/dags
[2024-07-12 06:28:20,296] {manager.py:693} INFO - There are 0 files in /opt/airflow/dags
[2024-07-12 06:33:21,082] {manager.py:690} INFO - Searching for files in /opt/airflow/dags
[2024-07-12 06:33:21,087] {manager.py:693} INFO - There are 0 files in /opt/airflow/dags
[2024-07-12 06:38:21,879] {manager.py:690} INFO - Searching for files in /opt/airflow/dags
[2024-07-12 06:38:21,891] {manager.py:693} INFO - There are 0 files in /opt/airflow/dags
[2024-07-12 06:43:22,672] {manager.py:690} INFO - Searching for files in /opt/airflow/dags
[2024-07-12 06:43:22,678] {manager.py:693} INFO - There are 0 files in /opt/airflow/dags
[2024-07-12 06:48:23,545] {manager.py:690} INFO - Searching for files in /opt/airflow/dags
[2024-07-12 06:48:23,549] {manager.py:693} INFO - There are 0 files in /opt/airflow/dags
[2024-07-12 06:53:24,318] {manager.py:690} INFO - Searching for files in /opt/airflow/dags
[2024-07-12 06:53:24,323] {manager.py:693} INFO - There are 0 files in /opt/airflow/dags
[2024-07-12 06:58:25,098] {manager.py:690} INFO - Searching for files in /opt/airflow/dags
[2024-07-12 06:58:25,103] {manager.py:693} INFO - There are 0 files in /opt/airflow/dags
[2024-07-12 07:03:25,893] {manager.py:690} INFO - Searching for files in /opt/airflow/dags
[2024-07-12 07:03:25,898] {manager.py:693} INFO - There are 0 files in /opt/airflow/dags
[2024-07-12 07:08:26,648] {manager.py:690} INFO - Searching for files in /opt/airflow/dags
[2024-07-12 07:08:26,653] {manager.py:693} INFO - There are 0 files in /opt/airflow/dags
[2024-07-12 07:13:27,375] {manager.py:690} INFO - Searching for files in /opt/airflow/dags
[2024-07-12 07:13:27,380] {manager.py:693} INFO - There are 0 files in /opt/airflow/dags
[2024-07-12 07:18:27,389] {manager.py:690} INFO - Searching for files in /opt/airflow/dags
[2024-07-12 07:18:27,396] {manager.py:693} INFO - There are 0 files in /opt/airflow/dags
[2024-07-12 07:23:28,193] {manager.py:690} INFO - Searching for files in /opt/airflow/dags
[2024-07-12 07:23:28,198] {manager.py:693} INFO - There are 0 files in /opt/airflow/dags
[2024-07-12 07:28:28,987] {manager.py:690} INFO - Searching for files in /opt/airflow/dags
[2024-07-12 07:28:28,994] {manager.py:693} INFO - There are 0 files in /opt/airflow/dags
[2024-07-12 07:33:29,749] {manager.py:690} INFO - Searching for files in /opt/airflow/dags
[2024-07-12 07:33:29,754] {manager.py:693} INFO - There are 0 files in /opt/airflow/dags
[2024-07-12 07:38:30,486] {manager.py:690} INFO - Searching for files in /opt/airflow/dags
[2024-07-12 07:38:30,497] {manager.py:693} INFO - There are 0 files in /opt/airflow/dags
[2024-07-12 07:43:31,229] {manager.py:690} INFO - Searching for files in /opt/airflow/dags
[2024-07-12 07:43:31,234] {manager.py:693} INFO - There are 0 files in /opt/airflow/dags
[2024-07-12 07:48:31,988] {manager.py:690} INFO - Searching for files in /opt/airflow/dags
[2024-07-12 07:48:31,993] {manager.py:693} INFO - There are 0 files in /opt/airflow/dags
[2024-07-12 07:53:32,742] {manager.py:690} INFO - Searching for files in /opt/airflow/dags
[2024-07-12 07:53:32,746] {manager.py:693} INFO - There are 0 files in /opt/airflow/dags
[2024-07-12 07:58:33,516] {manager.py:690} INFO - Searching for files in /opt/airflow/dags
[2024-07-12 07:58:33,522] {manager.py:693} INFO - There are 0 files in /opt/airflow/dags
[2024-07-12 08:03:34,277] {manager.py:690} INFO - Searching for files in /opt/airflow/dags
[2024-07-12 08:03:34,281] {manager.py:693} INFO - There are 0 files in /opt/airflow/dags
[2024-07-12 08:08:35,095] {manager.py:690} INFO - Searching for files in /opt/airflow/dags
[2024-07-12 08:08:35,102] {manager.py:693} INFO - There are 0 files in /opt/airflow/dags
[2024-07-12 08:13:35,895] {manager.py:690} INFO - Searching for files in /opt/airflow/dags
[2024-07-12 08:13:35,900] {manager.py:693} INFO - There are 0 files in /opt/airflow/dags
[2024-07-12 08:18:36,620] {manager.py:690} INFO - Searching for files in /opt/airflow/dags
[2024-07-12 08:18:36,627] {manager.py:693} INFO - There are 0 files in /opt/airflow/dags
[2024-07-12 08:23:37,318] {manager.py:690} INFO - Searching for files in /opt/airflow/dags
[2024-07-12 08:23:37,324] {manager.py:693} INFO - There are 0 files in /opt/airflow/dags
[2024-07-12 08:28:38,019] {manager.py:690} INFO - Searching for files in /opt/airflow/dags
[2024-07-12 08:28:38,024] {manager.py:693} INFO - There are 0 files in /opt/airflow/dags
[2024-07-12 08:33:38,730] {manager.py:690} INFO - Searching for files in /opt/airflow/dags
[2024-07-12 08:33:38,736] {manager.py:693} INFO - There are 0 files in /opt/airflow/dags
[2024-07-12 08:38:39,443] {manager.py:690} INFO - Searching for files in /opt/airflow/dags
[2024-07-12 08:38:39,448] {manager.py:693} INFO - There are 0 files in /opt/airflow/dags
[2024-07-12 08:43:40,262] {manager.py:690} INFO - Searching for files in /opt/airflow/dags
[2024-07-12 08:43:40,266] {manager.py:693} INFO - There are 0 files in /opt/airflow/dags
[2024-07-12 08:48:40,995] {manager.py:690} INFO - Searching for files in /opt/airflow/dags
[2024-07-12 08:48:41,001] {manager.py:693} INFO - There are 0 files in /opt/airflow/dags
[2024-07-12 08:53:41,798] {manager.py:690} INFO - Searching for files in /opt/airflow/dags
[2024-07-12 08:53:41,806] {manager.py:693} INFO - There are 0 files in /opt/airflow/dags
[2024-07-12 08:58:42,597] {manager.py:690} INFO - Searching for files in /opt/airflow/dags
[2024-07-12 08:58:42,603] {manager.py:693} INFO - There are 0 files in /opt/airflow/dags
[2024-07-12 09:03:43,378] {manager.py:690} INFO - Searching for files in /opt/airflow/dags
[2024-07-12 09:03:43,391] {manager.py:693} INFO - There are 0 files in /opt/airflow/dags
[2024-07-12 09:08:44,228] {manager.py:690} INFO - Searching for files in /opt/airflow/dags
[2024-07-12 09:08:44,231] {manager.py:693} INFO - There are 0 files in /opt/airflow/dags
[2024-07-12 09:13:45,023] {manager.py:690} INFO - Searching for files in /opt/airflow/dags
[2024-07-12 09:13:45,027] {manager.py:693} INFO - There are 0 files in /opt/airflow/dags
[2024-07-12 09:18:45,734] {manager.py:690} INFO - Searching for files in /opt/airflow/dags
[2024-07-12 09:18:45,741] {manager.py:693} INFO - There are 0 files in /opt/airflow/dags
[2024-07-12 09:23:46,471] {manager.py:690} INFO - Searching for files in /opt/airflow/dags
[2024-07-12 09:23:46,475] {manager.py:693} INFO - There are 0 files in /opt/airflow/dags
[2024-07-12 09:28:47,213] {manager.py:690} INFO - Searching for files in /opt/airflow/dags
[2024-07-12 09:28:47,220] {manager.py:693} INFO - There are 0 files in /opt/airflow/dags
[2024-07-12 09:33:47,991] {manager.py:690} INFO - Searching for files in /opt/airflow/dags
[2024-07-12 09:33:48,003] {manager.py:693} INFO - There are 0 files in /opt/airflow/dags
[2024-07-12 09:38:48,803] {manager.py:690} INFO - Searching for files in /opt/airflow/dags
[2024-07-12 09:38:48,808] {manager.py:693} INFO - There are 0 files in /opt/airflow/dags
[2024-07-12 09:43:49,641] {manager.py:690} INFO - Searching for files in /opt/airflow/dags
[2024-07-12 09:43:49,653] {manager.py:693} INFO - There are 0 files in /opt/airflow/dags
[2024-07-12 09:48:50,481] {manager.py:690} INFO - Searching for files in /opt/airflow/dags
[2024-07-12 09:48:50,487] {manager.py:693} INFO - There are 0 files in /opt/airflow/dags
[2024-07-12 09:53:51,313] {manager.py:690} INFO - Searching for files in /opt/airflow/dags
[2024-07-12 09:53:51,328] {manager.py:693} INFO - There are 0 files in /opt/airflow/dags
[2024-07-12 10:17:15,810] {manager.py:690} INFO - Searching for files in /opt/airflow/dags
[2024-07-12 10:17:20,849] {manager.py:693} INFO - There are 0 files in /opt/airflow/dags
[2024-07-12 10:22:16,398] {manager.py:690} INFO - Searching for files in /opt/airflow/dags
[2024-07-12 10:22:16,404] {manager.py:693} INFO - There are 0 files in /opt/airflow/dags
[2024-07-12 10:27:17,198] {manager.py:690} INFO - Searching for files in /opt/airflow/dags
[2024-07-12 10:27:17,202] {manager.py:693} INFO - There are 0 files in /opt/airflow/dags
[2024-07-12 10:32:17,966] {manager.py:690} INFO - Searching for files in /opt/airflow/dags
[2024-07-12 10:32:17,974] {manager.py:693} INFO - There are 0 files in /opt/airflow/dags
[2024-07-12 10:37:18,725] {manager.py:690} INFO - Searching for files in /opt/airflow/dags
[2024-07-12 10:37:18,733] {manager.py:693} INFO - There are 0 files in /opt/airflow/dags
[2024-07-12 10:42:19,491] {manager.py:690} INFO - Searching for files in /opt/airflow/dags
[2024-07-12 10:42:19,498] {manager.py:693} INFO - There are 0 files in /opt/airflow/dags
[2024-07-12 10:47:20,260] {manager.py:690} INFO - Searching for files in /opt/airflow/dags
[2024-07-12 10:47:20,266] {manager.py:693} INFO - There are 0 files in /opt/airflow/dags
[2024-07-12 10:52:21,044] {manager.py:690} INFO - Searching for files in /opt/airflow/dags
[2024-07-12 10:52:21,050] {manager.py:693} INFO - There are 0 files in /opt/airflow/dags
[2024-07-12 10:57:21,824] {manager.py:690} INFO - Searching for files in /opt/airflow/dags
[2024-07-12 10:57:21,835] {manager.py:693} INFO - There are 0 files in /opt/airflow/dags
[2024-07-12 11:02:22,633] {manager.py:690} INFO - Searching for files in /opt/airflow/dags
[2024-07-12 11:02:22,637] {manager.py:693} INFO - There are 0 files in /opt/airflow/dags
[2024-07-12 11:07:23,452] {manager.py:690} INFO - Searching for files in /opt/airflow/dags
[2024-07-12 11:07:23,456] {manager.py:693} INFO - There are 0 files in /opt/airflow/dags
[2024-07-12 11:12:24,231] {manager.py:690} INFO - Searching for files in /opt/airflow/dags
[2024-07-12 11:12:24,236] {manager.py:693} INFO - There are 0 files in /opt/airflow/dags
[2024-07-12 11:17:25,037] {manager.py:690} INFO - Searching for files in /opt/airflow/dags
[2024-07-12 11:17:25,043] {manager.py:693} INFO - There are 0 files in /opt/airflow/dags
[2024-07-12 11:22:25,886] {manager.py:690} INFO - Searching for files in /opt/airflow/dags
[2024-07-12 11:22:25,890] {manager.py:693} INFO - There are 0 files in /opt/airflow/dags
[2024-07-12 11:27:26,676] {manager.py:690} INFO - Searching for files in /opt/airflow/dags
[2024-07-12 11:27:26,715] {manager.py:693} INFO - There are 0 files in /opt/airflow/dags
[2024-07-12 11:32:27,484] {manager.py:690} INFO - Searching for files in /opt/airflow/dags
[2024-07-12 11:32:27,489] {manager.py:693} INFO - There are 0 files in /opt/airflow/dags
[2024-07-12 11:37:28,242] {manager.py:690} INFO - Searching for files in /opt/airflow/dags
[2024-07-12 11:37:28,246] {manager.py:693} INFO - There are 0 files in /opt/airflow/dags
[2024-07-12 11:42:29,007] {manager.py:690} INFO - Searching for files in /opt/airflow/dags
[2024-07-12 11:42:29,013] {manager.py:693} INFO - There are 0 files in /opt/airflow/dags
[2024-07-12 11:47:29,769] {manager.py:690} INFO - Searching for files in /opt/airflow/dags
[2024-07-12 11:47:29,776] {manager.py:693} INFO - There are 0 files in /opt/airflow/dags
[2024-07-12 11:52:30,507] {manager.py:690} INFO - Searching for files in /opt/airflow/dags
[2024-07-12 11:52:30,512] {manager.py:693} INFO - There are 0 files in /opt/airflow/dags
[2024-07-12 11:57:31,302] {manager.py:690} INFO - Searching for files in /opt/airflow/dags
[2024-07-12 11:57:31,308] {manager.py:693} INFO - There are 0 files in /opt/airflow/dags
[2024-07-12 12:02:32,030] {manager.py:690} INFO - Searching for files in /opt/airflow/dags
[2024-07-12 12:02:32,036] {manager.py:693} INFO - There are 0 files in /opt/airflow/dags
[2024-07-12 12:07:32,766] {manager.py:690} INFO - Searching for files in /opt/airflow/dags
[2024-07-12 12:07:32,771] {manager.py:693} INFO - There are 0 files in /opt/airflow/dags
[2024-07-12 12:12:33,474] {manager.py:690} INFO - Searching for files in /opt/airflow/dags
[2024-07-12 12:12:33,481] {manager.py:693} INFO - There are 0 files in /opt/airflow/dags
[2024-07-12 12:17:34,211] {manager.py:690} INFO - Searching for files in /opt/airflow/dags
[2024-07-12 12:17:34,215] {manager.py:693} INFO - There are 0 files in /opt/airflow/dags
[2024-07-12 12:22:35,016] {manager.py:690} INFO - Searching for files in /opt/airflow/dags
[2024-07-12 12:22:35,026] {manager.py:693} INFO - There are 0 files in /opt/airflow/dags
[2024-07-12 12:27:35,795] {manager.py:690} INFO - Searching for files in /opt/airflow/dags
[2024-07-12 12:27:35,804] {manager.py:693} INFO - There are 0 files in /opt/airflow/dags
[2024-07-12 12:32:36,565] {manager.py:690} INFO - Searching for files in /opt/airflow/dags
[2024-07-12 12:32:36,571] {manager.py:693} INFO - There are 0 files in /opt/airflow/dags
[2024-07-12 12:37:37,380] {manager.py:690} INFO - Searching for files in /opt/airflow/dags
[2024-07-12 12:37:37,390] {manager.py:693} INFO - There are 0 files in /opt/airflow/dags
[2024-07-12 12:42:37,549] {manager.py:690} INFO - Searching for files in /opt/airflow/dags
[2024-07-12 12:42:37,562] {manager.py:693} INFO - There are 0 files in /opt/airflow/dags
[2024-07-12 12:47:38,524] {manager.py:690} INFO - Searching for files in /opt/airflow/dags
[2024-07-12 12:47:38,533] {manager.py:693} INFO - There are 0 files in /opt/airflow/dags
[2024-07-12 12:52:39,449] {manager.py:690} INFO - Searching for files in /opt/airflow/dags
[2024-07-12 12:52:39,466] {manager.py:693} INFO - There are 0 files in /opt/airflow/dags
[2024-07-12 12:57:40,377] {manager.py:690} INFO - Searching for files in /opt/airflow/dags
[2024-07-12 12:57:40,384] {manager.py:693} INFO - There are 0 files in /opt/airflow/dags
[2024-07-12 13:02:41,286] {manager.py:690} INFO - Searching for files in /opt/airflow/dags
[2024-07-12 13:02:41,290] {manager.py:693} INFO - There are 0 files in /opt/airflow/dags
[2024-07-12 13:07:42,263] {manager.py:690} INFO - Searching for files in /opt/airflow/dags
[2024-07-12 13:07:42,269] {manager.py:693} INFO - There are 0 files in /opt/airflow/dags
[2024-07-12 13:12:43,205] {manager.py:690} INFO - Searching for files in /opt/airflow/dags
[2024-07-12 13:12:43,211] {manager.py:693} INFO - There are 0 files in /opt/airflow/dags
[2024-07-12 13:17:44,137] {manager.py:690} INFO - Searching for files in /opt/airflow/dags
[2024-07-12 13:17:44,144] {manager.py:693} INFO - There are 0 files in /opt/airflow/dags
[2024-07-12 13:22:45,090] {manager.py:690} INFO - Searching for files in /opt/airflow/dags
[2024-07-12 13:22:45,101] {manager.py:693} INFO - There are 0 files in /opt/airflow/dags
[2024-07-12 13:27:45,950] {manager.py:690} INFO - Searching for files in /opt/airflow/dags
[2024-07-12 13:27:45,968] {manager.py:693} INFO - There are 0 files in /opt/airflow/dags
[2024-07-12 13:32:46,023] {manager.py:690} INFO - Searching for files in /opt/airflow/dags
[2024-07-12 13:32:46,034] {manager.py:693} INFO - There are 0 files in /opt/airflow/dags
[2024-07-12 13:37:46,912] {manager.py:690} INFO - Searching for files in /opt/airflow/dags
[2024-07-12 13:37:46,916] {manager.py:693} INFO - There are 0 files in /opt/airflow/dags
[2024-07-12 13:42:47,786] {manager.py:690} INFO - Searching for files in /opt/airflow/dags
[2024-07-12 13:42:47,790] {manager.py:693} INFO - There are 0 files in /opt/airflow/dags
[2024-07-12 13:47:48,632] {manager.py:690} INFO - Searching for files in /opt/airflow/dags
[2024-07-12 13:47:48,637] {manager.py:693} INFO - There are 0 files in /opt/airflow/dags
[2024-07-12 13:52:49,593] {manager.py:690} INFO - Searching for files in /opt/airflow/dags
[2024-07-12 13:52:49,597] {manager.py:693} INFO - There are 0 files in /opt/airflow/dags
[2024-07-12 14:17:22,922] {manager.py:690} INFO - Searching for files in /opt/airflow/dags
[2024-07-12 14:17:34,788] {manager.py:693} INFO - There are 0 files in /opt/airflow/dags
[2024-07-12 14:19:31,954] {manager.py:462} INFO - Exiting gracefully upon receiving signal 15
[2024-07-12 14:23:09,320] {manager.py:480} INFO - Processing files using up to 2 processes at a time 
[2024-07-12 14:23:09,322] {manager.py:481} INFO - Process each file at most once every 30 seconds
[2024-07-12 14:23:09,322] {manager.py:483} INFO - Checking for new files in /opt/airflow/dags every 300 seconds
[2024-07-12 14:23:09,323] {manager.py:690} INFO - Searching for files in /opt/airflow/dags
[2024-07-12 14:23:09,360] {manager.py:693} INFO - There are 0 files in /opt/airflow/dags
[2024-07-12 14:28:09,658] {manager.py:690} INFO - Searching for files in /opt/airflow/dags
[2024-07-12 14:28:09,668] {manager.py:693} INFO - There are 0 files in /opt/airflow/dags
[2024-07-12 14:33:10,577] {manager.py:690} INFO - Searching for files in /opt/airflow/dags
[2024-07-12 14:33:10,582] {manager.py:693} INFO - There are 0 files in /opt/airflow/dags
[2024-07-12 14:38:11,458] {manager.py:690} INFO - Searching for files in /opt/airflow/dags
[2024-07-12 14:38:11,465] {manager.py:693} INFO - There are 0 files in /opt/airflow/dags
[2024-07-12 14:43:11,459] {manager.py:690} INFO - Searching for files in /opt/airflow/dags
[2024-07-12 14:43:11,500] {manager.py:693} INFO - There are 0 files in /opt/airflow/dags
[2024-07-12 14:48:12,335] {manager.py:690} INFO - Searching for files in /opt/airflow/dags
[2024-07-12 14:48:12,344] {manager.py:693} INFO - There are 0 files in /opt/airflow/dags
[2024-07-12 14:53:13,249] {manager.py:690} INFO - Searching for files in /opt/airflow/dags
[2024-07-12 14:53:13,253] {manager.py:693} INFO - There are 0 files in /opt/airflow/dags
[2024-07-12 14:58:14,134] {manager.py:690} INFO - Searching for files in /opt/airflow/dags
[2024-07-12 14:58:14,146] {manager.py:693} INFO - There are 0 files in /opt/airflow/dags
[2024-07-12 15:03:15,023] {manager.py:690} INFO - Searching for files in /opt/airflow/dags
[2024-07-12 15:03:15,028] {manager.py:693} INFO - There are 0 files in /opt/airflow/dags
[2024-07-12 15:08:15,897] {manager.py:690} INFO - Searching for files in /opt/airflow/dags
[2024-07-12 15:08:15,916] {manager.py:693} INFO - There are 0 files in /opt/airflow/dags
[2024-07-12 15:13:16,888] {manager.py:690} INFO - Searching for files in /opt/airflow/dags
[2024-07-12 15:13:16,892] {manager.py:693} INFO - There are 0 files in /opt/airflow/dags
[2024-07-12 15:18:17,765] {manager.py:690} INFO - Searching for files in /opt/airflow/dags
[2024-07-12 15:18:17,779] {manager.py:693} INFO - There are 0 files in /opt/airflow/dags
[2024-07-12 15:23:18,631] {manager.py:690} INFO - Searching for files in /opt/airflow/dags
[2024-07-12 15:23:18,636] {manager.py:693} INFO - There are 0 files in /opt/airflow/dags
[2024-07-12 15:28:19,578] {manager.py:690} INFO - Searching for files in /opt/airflow/dags
[2024-07-12 15:28:19,592] {manager.py:693} INFO - There are 0 files in /opt/airflow/dags
[2024-07-12 15:33:20,538] {manager.py:690} INFO - Searching for files in /opt/airflow/dags
[2024-07-12 15:33:20,544] {manager.py:693} INFO - There are 0 files in /opt/airflow/dags
[2024-07-12 15:38:21,461] {manager.py:690} INFO - Searching for files in /opt/airflow/dags
[2024-07-12 15:38:21,475] {manager.py:693} INFO - There are 0 files in /opt/airflow/dags
[2024-07-12 15:43:22,421] {manager.py:690} INFO - Searching for files in /opt/airflow/dags
[2024-07-12 15:43:22,425] {manager.py:693} INFO - There are 0 files in /opt/airflow/dags
[2024-07-12 15:48:23,315] {manager.py:690} INFO - Searching for files in /opt/airflow/dags
[2024-07-12 15:48:23,319] {manager.py:693} INFO - There are 0 files in /opt/airflow/dags
[2024-07-12 15:53:24,190] {manager.py:690} INFO - Searching for files in /opt/airflow/dags
[2024-07-12 15:53:24,211] {manager.py:693} INFO - There are 0 files in /opt/airflow/dags
[2024-07-12 15:58:25,171] {manager.py:690} INFO - Searching for files in /opt/airflow/dags
[2024-07-12 15:58:25,188] {manager.py:693} INFO - There are 0 files in /opt/airflow/dags
[2024-07-12 16:03:26,133] {manager.py:690} INFO - Searching for files in /opt/airflow/dags
[2024-07-12 16:03:26,138] {manager.py:693} INFO - There are 0 files in /opt/airflow/dags
[2024-07-12 16:12:55,668] {manager.py:690} INFO - Searching for files in /opt/airflow/dags
[2024-07-12 16:12:58,608] {manager.py:693} INFO - There are 0 files in /opt/airflow/dags
[2024-07-12 16:17:55,927] {manager.py:690} INFO - Searching for files in /opt/airflow/dags
[2024-07-12 16:17:55,985] {manager.py:693} INFO - There are 0 files in /opt/airflow/dags
[2024-07-12 16:22:56,843] {manager.py:690} INFO - Searching for files in /opt/airflow/dags
[2024-07-12 16:22:56,848] {manager.py:693} INFO - There are 0 files in /opt/airflow/dags
[2024-07-12 16:27:57,723] {manager.py:690} INFO - Searching for files in /opt/airflow/dags
[2024-07-12 16:27:57,739] {manager.py:693} INFO - There are 0 files in /opt/airflow/dags
[2024-07-12 16:32:58,507] {manager.py:690} INFO - Searching for files in /opt/airflow/dags
[2024-07-12 16:32:58,513] {manager.py:693} INFO - There are 0 files in /opt/airflow/dags
[2024-07-12 16:37:59,329] {manager.py:690} INFO - Searching for files in /opt/airflow/dags
[2024-07-12 16:37:59,334] {manager.py:693} INFO - There are 0 files in /opt/airflow/dags
[2024-07-12 16:43:00,218] {manager.py:690} INFO - Searching for files in /opt/airflow/dags
[2024-07-12 16:43:00,226] {manager.py:693} INFO - There are 0 files in /opt/airflow/dags
[2024-07-12 16:48:01,012] {manager.py:690} INFO - Searching for files in /opt/airflow/dags
[2024-07-12 16:48:01,023] {manager.py:693} INFO - There are 0 files in /opt/airflow/dags
[2024-07-12 16:52:47,793] {manager.py:462} INFO - Exiting gracefully upon receiving signal 15
[2024-07-14 17:23:54,057] {manager.py:480} INFO - Processing files using up to 2 processes at a time 
[2024-07-14 17:23:54,086] {manager.py:481} INFO - Process each file at most once every 30 seconds
[2024-07-14 17:23:54,090] {manager.py:483} INFO - Checking for new files in /opt/airflow/dags every 300 seconds
[2024-07-14 17:23:54,092] {manager.py:690} INFO - Searching for files in /opt/airflow/dags
[2024-07-14 17:23:54,151] {manager.py:693} INFO - There are 0 files in /opt/airflow/dags
[2024-07-14 17:25:04,982] {manager.py:462} INFO - Exiting gracefully upon receiving signal 15
